"no","title","industry","market","publish","delisted"
"1101","台泥","水泥工業","上市","1962/02/09","N"
"1102","亞泥","水泥工業","上市","1962/06/08","N"
"1103","嘉泥","水泥工業","上市","1969/11/14","N"
"1104","環泥","水泥工業","上市","1971/02/01","N"
"1108","幸福","水泥工業","上市","1990/06/06","N"
"1109","信大","水泥工業","上市","1991/12/05","N"
"1110","東泥","水泥工業","上市","1994/10/22","N"
"1201","味全","食品工業","上市","1962/02/09","N"
"1203","味王","食品工業","上市","1964/08/24","N"
"1210","大成","食品工業","上市","1978/05/20","N"
"1213","大飲","食品工業","上市","1981/04/10","N"
"1215","卜蜂","食品工業","上市","1987/07/27","N"
"1216","統一","食品工業","上市","1987/12/28","N"
"1217","愛之味","食品工業","上市","1989/10/28","N"
"1218","泰山","食品工業","上市","1989/11/11","N"
"1219","福壽","食品工業","上市","1990/12/01","N"
"1220","台榮","食品工業","上市","1991/11/20","N"
"1225","福懋油","食品工業","上市","1993/09/27","N"
"1227","佳格","食品工業","上市","1994/04/09","N"
"1229","聯華","食品工業","上市","1976/07/19","N"
"1231","聯華食","食品工業","上市","1995/11/02","N"
"1232","大統益","食品工業","上市","1996/02/09","N"
"1233","天仁","食品工業","上市","1999/01/20","N"
"1234","黑松","食品工業","上市","1999/03/12","N"
"1235","興泰","食品工業","上市","2000/09/11","N"
"1236","宏亞","食品工業","上市","2001/09/17","N"
"1256","鮮活果汁-KY","食品工業","上市","2016/03/17","N"
"1301","台塑","塑膠工業","上市","1964/07/27","N"
"1303","南亞","塑膠工業","上市","1967/11/05","N"
"1304","台聚","塑膠工業","上市","1972/05/20","N"
"1305","華夏","塑膠工業","上市","1973/03/05","N"
"1307","三芳","塑膠工業","上市","1985/11/23","N"
"1308","亞聚","塑膠工業","上市","1986/06/20","N"
"1309","台達化","塑膠工業","上市","1986/06/27","N"
"1310","台苯","塑膠工業","上市","1987/08/06","N"
"1312","國喬","塑膠工業","上市","1988/12/21","N"
"1313","聯成","塑膠工業","上市","1989/03/27","N"
"1314","中石化","塑膠工業","上市","1991/07/12","N"
"1315","達新","塑膠工業","上市","1992/05/09","N"
"1316","上曜","建材營造業","上市","1992/10/15","N"
"1319","東陽","汽車工業","上市","1994/12/12","N"
"1321","大洋","塑膠工業","上市","1999/01/26","N"
"1323","永裕","塑膠工業","上市","2000/09/11","N"
"1324","地球","塑膠工業","上市","2000/09/11","N"
"1325","恆大","塑膠工業","上市","2000/09/11","N"
"1326","台化","塑膠工業","上市","1984/12/20","N"
"1337","再生-KY","塑膠工業","上市","2011/07/01","N"
"1338","廣華-KY","汽車工業","上市","2012/12/19","N"
"1339","昭輝","汽車工業","上市","2012/04/24","N"
"1340","勝悅-KY","塑膠工業","上市","2013/12/06","N"
"1341","富林-KY","塑膠工業","上市","2018/12/24","N"
"1342","八貫","其他業","上市","2020/11/24","N"
"1402","遠東新","紡織纖維","上市","1967/04/14","N"
"1409","新纖","紡織纖維","上市","1973/08/31","N"
"1410","南染","紡織纖維","上市","1973/10/18","N"
"1413","宏洲","紡織纖維","上市","1975/12/23","N"
"1414","東和","紡織纖維","上市","1976/02/02","N"
"1416","廣豐","其他業","上市","1976/04/20","N"
"1417","嘉裕","紡織纖維","上市","1976/12/28","N"
"1418","東華","紡織纖維","上市","1977/02/14","N"
"1419","新紡","紡織纖維","上市","1977/03/14","N"
"1423","利華","紡織纖維","上市","1979/04/02","N"
"1432","大魯閣","貿易百貨業","上市","1982/07/26","N"
"1434","福懋","紡織纖維","上市","1985/12/24","N"
"1435","中福","其他業","上市","1987/12/28","N"
"1436","華友聯","建材營造業","上市","1988/04/11","N"
"1437","勤益控","其他業","上市","1988/11/10","N"
"1438","三地開發","建材營造業","上市","1988/12/15","N"
"1439","中和","紡織纖維","上市","1989/05/22","N"
"1440","南紡","紡織纖維","上市","1989/10/03","N"
"1441","大東","紡織纖維","上市","1989/10/27","N"
"1442","名軒","建材營造業","上市","1989/11/16","N"
"1443","立益","其他業","上市","1990/04/21","N"
"1444","力麗","紡織纖維","上市","1990/08/08","N"
"1445","大宇","紡織纖維","上市","1991/02/05","N"
"1446","宏和","紡織纖維","上市","1991/10/15","N"
"1447","力鵬","紡織纖維","上市","1992/01/28","N"
"1449","佳和","紡織纖維","上市","1992/03/12","N"
"1451","年興","紡織纖維","上市","1992/12/21","N"
"1452","宏益","紡織纖維","上市","1992/12/28","N"
"1453","大將","建材營造業","上市","1993/04/19","N"
"1454","台富","紡織纖維","上市","1993/05/07","N"
"1455","集盛","紡織纖維","上市","1993/10/07","N"
"1456","怡華","建材營造業","上市","1993/12/09","N"
"1457","宜進","紡織纖維","上市","1994/10/20","N"
"1459","聯發","紡織纖維","上市","1994/10/26","N"
"1460","宏遠","紡織纖維","上市","1995/04/28","N"
"1463","強盛","紡織纖維","上市","1996/12/05","N"
"1464","得力","紡織纖維","上市","1997/01/18","N"
"1465","偉全","紡織纖維","上市","1997/09/08","N"
"1466","聚隆","紡織纖維","上市","1998/04/04","N"
"1467","南緯","紡織纖維","上市","1998/12/21","N"
"1468","昶和","紡織纖維","上市","1999/01/21","N"
"1470","大統新創","紡織纖維","上市","1999/05/21","N"
"1471","首利","電子零組件業","上市","2000/03/06","N"
"1472","三洋實業","紡織纖維","上市","2000/09/11","N"
"1473","台南","紡織纖維","上市","2000/09/11","N"
"1474","弘裕","紡織纖維","上市","2000/10/31","N"
"1475","業旺","紡織纖維","上市","2000/10/27","N"
"1476","儒鴻","紡織纖維","上市","2001/04/18","N"
"1477","聚陽","紡織纖維","上市","2003/01/21","N"
"1503","士電","電機機械","上市","1969/12/15","N"
"1504","東元","電機機械","上市","1973/11/05","N"
"1506","正道","電機機械","上市","1980/08/11","N"
"1507","永大","電機機械","上市","1989/11/09","N"
"1512","瑞利","汽車工業","上市","1994/01/28","N"
"1513","中興電","電機機械","上市","1994/03/08","N"
"1514","亞力","電機機械","上市","1994/03/26","N"
"1515","力山","電機機械","上市","1995/02/04","N"
"1516","川飛","其他業","上市","1995/04/01","N"
"1517","利奇","電機機械","上市","1995/11/14","N"
"1519","華城","電機機械","上市","1997/04/16","N"
"1521","大億","汽車工業","上市","1997/10/06","N"
"1522","堤維西","汽車工業","上市","1997/10/06","N"
"1524","耿鼎","汽車工業","上市","1998/10/30","N"
"1525","江申","汽車工業","上市","1999/05/15","N"
"1526","日馳","電機機械","上市","2000/03/27","N"
"1527","鑽全","電機機械","上市","2000/06/21","N"
"1528","恩德","電機機械","上市","2000/09/11","N"
"1529","樂士","電機機械","上市","2000/09/11","N"
"1530","亞崴","電機機械","上市","2000/09/11","N"
"1531","高林股","電機機械","上市","2000/09/11","N"
"1532","勤美","電機機械","上市","2000/09/11","N"
"1533","車王電","汽車工業","上市","2001/04/06","N"
"1535","中宇","電機機械","上市","2001/09/17","N"
"1536","和大","汽車工業","上市","2001/09/17","N"
"1537","廣隆","電機機械","上市","2002/01/22","N"
"1538","正峰","電機機械","上市","2002/08/26","N"
"1539","巨庭","電機機械","上市","2002/10/29","N"
"1540","喬福","電機機械","上市","2002/08/26","N"
"1541","錩泰","電機機械","上市","2003/03/19","N"
"1558","伸興","電機機械","上市","2014/12/23","N"
"1560","中砂","電機機械","上市","2005/01/31","N"
"1568","倉佑","汽車工業","上市","2014/05/14","N"
"1582","信錦","電子零組件業","上市","2009/12/17","N"
"1583","程泰","電機機械","上市","2008/01/24","N"
"1587","吉茂","汽車工業","上市","2018/04/16","N"
"1589","永冠-KY","電機機械","上市","2012/04/27","N"
"1590","亞德客-KY","電機機械","上市","2010/12/13","N"
"1592","英瑞-KY","汽車工業","上市","2014/10/16","N"
"1597","直得","電機機械","上市","2020/12/23","N"
"1598","岱宇","生技醫療業","上市","2016/09/20","N"
"1603","華電","電器電纜","上市","1968/06/03","N"
"1604","聲寶","電器電纜","上市","1970/12/14","N"
"1605","華新","電器電纜","上市","1972/11/03","N"
"1608","華榮","電器電纜","上市","1988/07/11","N"
"1609","大亞","電器電纜","上市","1988/12/12","N"
"1611","中電","電器電纜","上市","1990/01/16","N"
"1612","宏泰","電器電纜","上市","1993/05/08","N"
"1614","三洋電","電器電纜","上市","1997/09/18","N"
"1615","大山","電器電纜","上市","2000/03/30","N"
"1616","億泰","電器電纜","上市","2000/09/11","N"
"1617","榮星","電器電纜","上市","2000/09/11","N"
"1618","合機","電器電纜","上市","2000/09/11","N"
"1626","艾美特-KY","電器電纜","上市","2013/03/21","N"
"1701","中化","生技醫療業","上市","1962/02/09","N"
"1702","南僑","食品工業","上市","1973/05/30","N"
"1707","葡萄王","生技醫療業","上市","1982/12/20","N"
"1708","東鹼","化學工業","上市","1986/06/16","N"
"1709","和益","化學工業","上市","1986/07/03","N"
"1710","東聯","化學工業","上市","1987/10/21","N"
"1711","永光","化學工業","上市","1988/12/27","N"
"1712","興農","化學工業","上市","1989/12/14","N"
"1713","國化","化學工業","上市","1990/01/31","N"
"1714","和桐","化學工業","上市","1991/08/30","N"
"1717","長興","化學工業","上市","1994/03/31","N"
"1718","中纖","化學工業","上市","1963/12/02","N"
"1720","生達","生技醫療業","上市","1995/12/12","N"
"1721","三晃","化學工業","上市","1996/05/16","N"
"1722","台肥","化學工業","上市","1998/03/24","N"
"1723","中碳","化學工業","上市","1998/11/27","N"
"1725","元禎","化學工業","上市","2000/09/11","N"
"1726","永記","化學工業","上市","2000/09/11","N"
"1727","中華化","化學工業","上市","2000/09/11","N"
"1730","花仙子","化學工業","上市","2001/09/17","N"
"1731","美吾華","生技醫療業","上市","2001/09/17","N"
"1732","毛寶","化學工業","上市","2001/09/17","N"
"1733","五鼎","生技醫療業","上市","2001/09/17","N"
"1734","杏輝","生技醫療業","上市","2002/08/26","N"
"1735","日勝化","化學工業","上市","2002/08/26","N"
"1736","喬山","生技醫療業","上市","2003/01/09","N"
"1737","臺鹽","食品工業","上市","2003/11/18","N"
"1760","寶齡富錦","生技醫療業","上市","2018/01/23","N"
"1762","中化生","生技醫療業","上市","2010/12/20","N"
"1773","勝一","化學工業","上市","2009/02/27","N"
"1776","展宇","化學工業","上市","2016/05/09","N"
"1783","和康生","生技醫療業","上市","2013/12/20","N"
"1786","科妍","生技醫療業","上市","2013/11/12","N"
"1789","神隆","生技醫療業","上市","2011/09/29","N"
"1795","美時","生技醫療業","上市","2019/12/16","N"
"1802","台玻","玻璃陶瓷","上市","1973/07/20","N"
"1805","寶徠","建材營造業","上市","1989/10/20","N"
"1806","冠軍","玻璃陶瓷","上市","1992/09/29","N"
"1808","潤隆","建材營造業","上市","1994/10/26","N"
"1809","中釉","玻璃陶瓷","上市","1996/04/30","N"
"1810","和成","玻璃陶瓷","上市","1991/10/14","N"
"1817","凱撒衛","玻璃陶瓷","上市","2013/10/24","N"
"1903","士紙","造紙工業","上市","1963/12/09","N"
"1904","正隆","造紙工業","上市","1971/09/10","N"
"1905","華紙","造紙工業","上市","1975/02/07","N"
"1906","寶隆","造紙工業","上市","1976/04/26","N"
"1907","永豐餘","造紙工業","上市","1977/02/22","N"
"1909","榮成","造紙工業","上市","1985/11/19","N"
"2002","中鋼","鋼鐵工業","上市","1974/12/26","N"
"2006","東和鋼鐵","鋼鐵工業","上市","1988/07/13","N"
"2007","燁興","鋼鐵工業","上市","1988/10/04","N"
"2008","高興昌","鋼鐵工業","上市","1988/12/28","N"
"2009","第一銅","鋼鐵工業","上市","1989/10/20","N"
"2010","春源","鋼鐵工業","上市","1989/12/22","N"
"2012","春雨","鋼鐵工業","上市","1991/10/17","N"
"2013","中鋼構","鋼鐵工業","上市","1992/01/21","N"
"2014","中鴻","鋼鐵工業","上市","1992/02/20","N"
"2015","豐興","鋼鐵工業","上市","1992/05/25","N"
"2017","官田鋼","鋼鐵工業","上市","1992/11/02","N"
"2020","美亞","鋼鐵工業","上市","1993/04/27","N"
"2022","聚亨","鋼鐵工業","上市","1995/03/27","N"
"2023","燁輝","鋼鐵工業","上市","1995/07/28","N"
"2024","志聯","鋼鐵工業","上市","1995/12/30","N"
"2025","千興","鋼鐵工業","上市","1996/02/08","Y"
"2027","大成鋼","鋼鐵工業","上市","1996/10/24","N"
"2028","威致","鋼鐵工業","上市","1996/12/13","N"
"2029","盛餘","鋼鐵工業","上市","1997/01/11","N"
"2030","彰源","鋼鐵工業","上市","1998/12/24","N"
"2031","新光鋼","鋼鐵工業","上市","2000/09/11","N"
"2032","新鋼","鋼鐵工業","上市","2000/09/11","N"
"2033","佳大","鋼鐵工業","上市","2000/09/11","N"
"2034","允強","鋼鐵工業","上市","2001/09/17","N"
"2038","海光","鋼鐵工業","上市","2008/12/30","N"
"2049","上銀","電機機械","上市","2009/06/26","N"
"2059","川湖","電子零組件業","上市","2008/06/25","N"
"2062","橋椿","其他業","上市","2007/11/16","N"
"2069","運錩","鋼鐵工業","上市","2016/03/22","N"
"2101","南港","橡膠工業","上市","1963/11/01","N"
"2102","泰豐","橡膠工業","上市","1979/07/16","N"
"2103","台橡","橡膠工業","上市","1982/09/25","N"
"2104","國際中橡","橡膠工業","上市","1986/07/15","N"
"2105","正新","橡膠工業","上市","1987/12/07","N"
"2106","建大","橡膠工業","上市","1990/12/20","N"
"2107","厚生","橡膠工業","上市","1992/03/03","N"
"2108","南帝","橡膠工業","上市","1992/10/27","N"
"2109","華豐","橡膠工業","上市","2000/05/08","N"
"2114","鑫永銓","橡膠工業","上市","2010/12/29","N"
"2115","六暉-KY","汽車工業","上市","2013/12/25","N"
"2201","裕隆","汽車工業","上市","1976/07/08","N"
"2204","中華","汽車工業","上市","1991/03/12","N"
"2206","三陽工業","汽車工業","上市","1996/07/29","N"
"2207","和泰車","汽車工業","上市","1997/02/25","N"
"2208","台船","航運業","上市","2008/12/22","N"
"2211","長榮鋼","鋼鐵工業","上市","2021/04/12","N"
"2227","裕日車","汽車工業","上市","2004/12/21","N"
"2228","劍麟","汽車工業","上市","2013/11/25","N"
"2231","為升","汽車工業","上市","2010/11/19","N"
"2233","宇隆","汽車工業","上市","2019/09/17","N"
"2236","百達-KY","汽車工業","上市","2015/06/03","N"
"2239","英利-KY","汽車工業","上市","2016/01/27","N"
"2241","艾姆勒","汽車工業","上市","2020/08/26","N"
"2243","宏旭-KY","汽車工業","上市","2017/09/27","N"
"2247","汎德永業","汽車工業","上市","2020/10/12","N"
"2250","IKKA-KY","汽車工業","上市","2021/05/31","Y"
"2301","光寶科","電腦及週邊設備業","上市","1995/11/17","N"
"2302","麗正","半導體業","上市","1985/01/15","N"
"2303","聯電","半導體業","上市","1985/07/16","N"
"2305","全友","電腦及週邊設備業","上市","1988/10/21","N"
"2308","台達電","電子零組件業","上市","1988/12/19","N"
"2312","金寶","其他電子業","上市","1989/11/07","N"
"2313","華通","電子零組件業","上市","1990/07/24","N"
"2314","台揚","通信網路業","上市","1990/08/08","N"
"2316","楠梓電","電子零組件業","上市","1991/02/05","N"
"2317","鴻海","其他電子業","上市","1991/06/18","N"
"2321","東訊","通信網路業","上市","1991/11/08","N"
"2323","中環","光電業","上市","1992/02/17","N"
"2324","仁寶","電腦及週邊設備業","上市","1992/02/18","N"
"2327","國巨","電子零組件業","上市","1993/10/22","N"
"2328","廣宇","電子零組件業","上市","1993/11/09","N"
"2329","華泰","半導體業","上市","1994/04/20","N"
"2330","台積電","半導體業","上市","1994/09/05","N"
"2331","精英","電腦及週邊設備業","上市","1994/09/21","N"
"2332","友訊","通信網路業","上市","1994/10/17","N"
"2337","旺宏","半導體業","上市","1995/03/15","N"
"2338","光罩","半導體業","上市","1995/04/17","N"
"2340","光磊","光電業","上市","1995/05/02","N"
"2342","茂矽","半導體業","上市","1995/09/19","N"
"2344","華邦電","半導體業","上市","1995/10/18","N"
"2345","智邦","通信網路業","上市","1995/11/15","N"
"2347","聯強","電子通路業","上市","1995/12/13","N"
"2348","海悅","其他業","上市","1996/01/05","N"
"2349","錸德","光電業","上市","1996/04/23","N"
"2351","順德","半導體業","上市","1996/04/25","N"
"2352","佳世達","電腦及週邊設備業","上市","1996/07/22","N"
"2353","宏碁","電腦及週邊設備業","上市","1996/09/18","N"
"2354","鴻準","其他電子業","上市","1996/10/08","N"
"2355","敬鵬","電子零組件業","上市","1996/10/14","N"
"2356","英業達","電腦及週邊設備業","上市","1996/11/13","N"
"2357","華碩","電腦及週邊設備業","上市","1996/11/14","N"
"2358","廷鑫","其他業","上市","1996/12/18","N"
"2359","所羅門","其他電子業","上市","1996/12/19","N"
"2360","致茂","其他電子業","上市","1996/12/21","N"
"2362","藍天","電腦及週邊設備業","上市","1997/04/02","N"
"2363","矽統","半導體業","上市","1997/08/01","N"
"2364","倫飛","電腦及週邊設備業","上市","1997/08/11","N"
"2365","昆盈","電腦及週邊設備業","上市","1997/11/03","N"
"2367","燿華","電子零組件業","上市","1997/12/13","N"
"2368","金像電","電子零組件業","上市","1998/03/09","N"
"2369","菱生","半導體業","上市","1998/04/10","N"
"2371","大同","電機機械","上市","1962/02/09","N"
"2373","震旦行","其他電子業","上市","1991/08/01","N"
"2374","佳能","光電業","上市","1995/01/16","N"
"2375","凱美","電子零組件業","上市","1998/08/29","N"
"2376","技嘉","電腦及週邊設備業","上市","1998/09/24","N"
"2377","微星","電腦及週邊設備業","上市","1998/10/31","N"
"2379","瑞昱","半導體業","上市","1998/10/26","N"
"2380","虹光","電腦及週邊設備業","上市","1998/12/03","N"
"2382","廣達","電腦及週邊設備業","上市","1999/01/08","N"
"2383","台光電","電子零組件業","上市","1998/11/27","N"
"2385","群光","電子零組件業","上市","1999/01/05","N"
"2387","精元","電腦及週邊設備業","上市","1999/01/25","N"
"2388","威盛","半導體業","上市","1999/03/05","N"
"2390","云辰","其他電子業","上市","1999/06/15","N"
"2392","正崴","電子零組件業","上市","1999/09/20","N"
"2393","億光","光電業","上市","1999/11/04","N"
"2395","研華","電腦及週邊設備業","上市","1999/12/13","N"
"2397","友通","電腦及週邊設備業","上市","2000/01/15","N"
"2399","映泰","電腦及週邊設備業","上市","1999/12/16","N"
"2401","凌陽","半導體業","上市","2000/01/27","N"
"2402","毅嘉","電子零組件業","上市","2000/01/14","N"
"2404","漢唐","其他電子業","上市","2000/03/14","N"
"2405","浩鑫","電腦及週邊設備業","上市","2000/03/17","N"
"2406","國碩","光電業","上市","2000/04/29","N"
"2408","南亞科","半導體業","上市","2000/08/17","N"
"2409","友達","光電業","上市","2000/09/08","N"
"2412","中華電","通信網路業","上市","2000/10/27","N"
"2413","環科","電子零組件業","上市","2000/09/11","N"
"2414","精技","電子通路業","上市","2000/09/11","N"
"2415","錩新","電子零組件業","上市","2000/09/11","N"
"2417","圓剛","電腦及週邊設備業","上市","2000/09/11","N"
"2419","仲琦","通信網路業","上市","2000/09/11","N"
"2420","新巨","電子零組件業","上市","2000/09/11","N"
"2421","建準","電子零組件業","上市","2000/09/11","N"
"2423","固緯","其他電子業","上市","2000/09/11","N"
"2424","隴華","電腦及週邊設備業","上市","2000/09/11","N"
"2425","承啟","電腦及週邊設備業","上市","2000/09/11","N"
"2426","鼎元","光電業","上市","2000/09/11","N"
"2427","三商電","資訊服務業","上市","2000/09/11","N"
"2428","興勤","電子零組件業","上市","2000/09/11","N"
"2429","銘旺科","光電業","上市","2000/09/11","N"
"2430","燦坤","電子通路業","上市","2000/09/11","N"
"2431","聯昌","電子零組件業","上市","2000/09/11","N"
"2433","互盛電","其他電子業","上市","2000/09/11","N"
"2434","統懋","半導體業","上市","2000/09/11","N"
"2436","偉詮電","半導體業","上市","2000/09/11","N"
"2438","翔耀","光電業","上市","2000/09/11","N"
"2439","美律","通信網路業","上市","2000/09/11","N"
"2440","太空梭","電子零組件業","上市","2000/11/10","N"
"2441","超豐","半導體業","上市","2000/10/26","N"
"2442","新美齊","電腦及週邊設備業","上市","2000/11/22","N"
"2443","億麗","其他業","上市","2001/01/03","N"
"2444","兆勁","通信網路業","上市","2000/12/08","N"
"2449","京元電子","半導體業","上市","2001/05/09","N"
"2450","神腦","通信網路業","上市","2001/05/24","N"
"2451","創見","半導體業","上市","2001/05/03","N"
"2453","凌群","資訊服務業","上市","2001/05/22","N"
"2454","聯發科","半導體業","上市","2001/07/23","N"
"2455","全新","通信網路業","上市","2002/01/24","N"
"2456","奇力新","電子零組件業","上市","2001/09/26","N"
"2457","飛宏","電子零組件業","上市","2001/09/17","N"
"2458","義隆","半導體業","上市","2001/09/17","N"
"2459","敦吉","其他電子業","上市","2001/09/17","N"
"2460","建通","電子零組件業","上市","2001/09/17","N"
"2461","光群雷","其他電子業","上市","2001/09/17","N"
"2462","良得電","電子零組件業","上市","2001/09/17","N"
"2464","盟立","其他電子業","上市","2001/09/17","N"
"2465","麗臺","電腦及週邊設備業","上市","2001/09/19","N"
"2466","冠西電","光電業","上市","2001/09/17","N"
"2467","志聖","電子零組件業","上市","2001/09/17","N"
"2468","華經","資訊服務業","上市","2001/09/17","N"
"2471","資通","資訊服務業","上市","2001/09/17","N"
"2472","立隆電","電子零組件業","上市","2001/09/17","N"
"2474","可成","其他電子業","上市","2001/09/17","N"
"2476","鉅祥","電子零組件業","上市","2001/09/17","N"
"2477","美隆電","其他電子業","上市","2001/09/17","N"
"2478","大毅","電子零組件業","上市","2001/09/17","N"
"2480","敦陽科","資訊服務業","上市","2001/09/17","N"
"2481","強茂","半導體業","上市","2001/09/17","N"
"2482","連宇","其他電子業","上市","2001/09/17","N"
"2483","百容","電子零組件業","上市","2001/09/17","N"
"2484","希華","電子零組件業","上市","2001/09/17","N"
"2485","兆赫","通信網路業","上市","2001/09/17","N"
"2486","一詮","光電業","上市","2001/09/19","N"
"2488","漢平","其他電子業","上市","2001/09/17","N"
"2489","瑞軒","光電業","上市","2001/09/17","N"
"2491","吉祥全","光電業","上市","2001/09/17","N"
"2492","華新科","電子零組件業","上市","2001/09/17","N"
"2493","揚博","電子零組件業","上市","2002/01/23","N"
"2495","普安","其他電子業","上市","2002/03/25","N"
"2496","卓越","其他業","上市","2002/03/08","N"
"2497","怡利電","汽車工業","上市","2002/02/04","N"
"2498","宏達電","通信網路業","上市","2002/03/26","N"
"2501","國建","建材營造業","上市","1967/10/28","N"
"2504","國產","建材營造業","上市","1978/03/14","N"
"2505","國揚","建材營造業","上市","1979/11/14","N"
"2506","太設","建材營造業","上市","1980/02/02","N"
"2509","全坤建","建材營造業","上市","1988/05/20","N"
"2511","太子","建材營造業","上市","1991/04/24","N"
"2514","龍邦","其他業","上市","1992/09/26","N"
"2515","中工","建材營造業","上市","1993/03/02","N"
"2516","新建","建材營造業","上市","1993/05/25","N"
"2520","冠德","建材營造業","上市","1993/10/27","N"
"2524","京城","建材營造業","上市","1994/10/18","N"
"2527","宏璟","建材營造業","上市","1995/03/06","N"
"2528","皇普","建材營造業","上市","1995/03/10","N"
"2530","華建","建材營造業","上市","1995/10/12","N"
"2534","宏盛","建材營造業","上市","1996/02/12","N"
"2535","達欣工","建材營造業","上市","1996/03/11","N"
"2536","宏普","建材營造業","上市","1996/03/14","N"
"2537","聯上發","建材營造業","上市","1996/09/06","N"
"2538","基泰","建材營造業","上市","1996/11/01","N"
"2539","櫻花建","建材營造業","上市","1997/07/16","N"
"2540","愛山林","建材營造業","上市","1989/12/26","N"
"2542","興富發","建材營造業","上市","1999/05/03","N"
"2543","皇昌","建材營造業","上市","1999/10/15","N"
"2545","皇翔","建材營造業","上市","2000/09/11","N"
"2546","根基","建材營造業","上市","2000/09/11","N"
"2547","日勝生","建材營造業","上市","2000/12/22","N"
"2548","華固","建材營造業","上市","2002/08/26","N"
"2597","潤弘","建材營造業","上市","2010/03/26","N"
"2601","益航","貿易百貨業","上市","1965/11/04","N"
"2603","長榮","航運業","上市","1987/09/21","N"
"2605","新興","航運業","上市","1989/12/08","N"
"2606","裕民","航運業","上市","1990/12/08","N"
"2607","榮運","航運業","上市","1990/12/14","N"
"2608","嘉里大榮","航運業","上市","1990/12/20","N"
"2609","陽明","航運業","上市","1992/04/20","N"
"2610","華航","航運業","上市","1993/02/26","N"
"2611","志信","航運業","上市","1993/10/28","N"
"2612","中航","航運業","上市","1994/10/20","N"
"2613","中櫃","航運業","上市","1995/01/20","N"
"2614","東森","其他業","上市","1995/09/23","N"
"2615","萬海","航運業","上市","1996/05/16","N"
"2616","山隆","油電燃氣業","上市","1997/11/08","N"
"2617","台航","航運業","上市","1998/06/24","N"
"2618","長榮航","航運業","上市","2001/09/17","N"
"2630","亞航","航運業","上市","2018/02/22","N"
"2633","台灣高鐵","航運業","上市","2016/10/27","N"
"2634","漢翔","航運業","上市","2014/08/25","N"
"2636","台驊投控","航運業","上市","2016/12/22","N"
"2637","慧洋-KY","航運業","上市","2010/12/01","N"
"2642","宅配通","航運業","上市","2013/12/12","N"
"2701","萬企","觀光事業","上市","1965/03/22","N"
"2702","華園","觀光事業","上市","1965/02/14","N"
"2704","國賓","觀光事業","上市","1982/11/10","N"
"2705","六福","觀光事業","上市","1988/12/24","N"
"2706","第一店","觀光事業","上市","1991/06/25","N"
"2707","晶華","觀光事業","上市","1998/03/09","N"
"2712","遠雄來","觀光事業","上市","2013/12/03","N"
"2722","夏都","觀光事業","上市","2012/03/14","N"
"2723","美食-KY","觀光事業","上市","2010/11/22","N"
"2727","王品","觀光事業","上市","2012/03/06","N"
"2731","雄獅","觀光事業","上市","2013/09/24","N"
"2739","寒舍","觀光事業","上市","2016/05/19","N"
"2748","雲品","觀光事業","上市","2016/11/23","N"
"2753","八方雲集","觀光事業","上市","2021/09/09","N"
"2801","彰銀","金融保險業","上市","1962/02/15","N"
"2809","京城銀","金融保險業","上市","1983/07/20","N"
"2812","台中銀","金融保險業","上市","1984/05/15","N"
"2816","旺旺保","金融保險業","上市","1992/05/05","N"
"2820","華票","金融保險業","上市","1994/10/26","N"
"2823","中壽","金融保險業","上市","1995/02/08","N"
"2832","台產","金融保險業","上市","1997/09/30","N"
"2834","臺企銀","金融保險業","上市","1998/01/03","N"
"2836","高雄銀","金融保險業","上市","1998/05/18","N"
"2838","聯邦銀","金融保險業","上市","1998/06/29","N"
"2841","台開","建材營造業","上市","1999/01/08","N"
"2845","遠東銀","金融保險業","上市","1998/11/27","N"
"2849","安泰銀","金融保險業","上市","1999/09/27","N"
"2850","新產","金融保險業","上市","2000/05/22","N"
"2851","中再保","金融保險業","上市","2000/07/06","N"
"2852","第一保","金融保險業","上市","2000/11/28","N"
"2855","統一證","金融保險業","上市","2002/09/16","N"
"2867","三商壽","金融保險業","上市","2012/12/18","N"
"2880","華南金","金融保險業","上市","2001/12/19","N"
"2881","富邦金","金融保險業","上市","2001/12/19","N"
"2882","國泰金","金融保險業","上市","2001/12/31","N"
"2883","開發金","金融保險業","上市","2001/12/28","N"
"2884","玉山金","金融保險業","上市","2002/01/28","N"
"2885","元大金","金融保險業","上市","2002/02/04","N"
"2886","兆豐金","金融保險業","上市","2002/02/04","N"
"2887","台新金","金融保險業","上市","2002/02/18","N"
"2888","新光金","金融保險業","上市","2002/02/19","N"
"2889","國票金","金融保險業","上市","2002/03/26","N"
"2890","永豐金","金融保險業","上市","2002/05/09","N"
"2891","中信金","金融保險業","上市","2002/05/17","N"
"2892","第一金","金融保險業","上市","2003/01/02","N"
"2897","王道銀行","金融保險業","上市","2017/05/05","N"
"2901","欣欣","貿易百貨業","上市","1976/05/07","N"
"2903","遠百","貿易百貨業","上市","1978/10/11","N"
"2904","匯僑","其他業","上市","1983/01/05","N"
"2905","三商","貿易百貨業","上市","1988/09/19","N"
"2906","高林","貿易百貨業","上市","1989/12/26","N"
"2908","特力","貿易百貨業","上市","1993/02/18","N"
"2910","統領","貿易百貨業","上市","1996/12/30","N"
"2911","麗嬰房","貿易百貨業","上市","1997/01/18","N"
"2912","統一超","貿易百貨業","上市","1997/08/22","N"
"2913","農林","貿易百貨業","上市","1962/02/09","N"
"2915","潤泰全","貿易百貨業","上市","1977/07/20","N"
"2923","鼎固-KY","建材營造業","上市","2012/12/07","N"
"2929","淘帝-KY","貿易百貨業","上市","2013/12/30","N"
"2936","客思達-KY","貿易百貨業","上市","2016/09/26","N"
"2939","凱羿-KY","貿易百貨業","上市","2018/01/11","N"
"2945","三商家購","貿易百貨業","上市","2021/11/30","N"
"3002","歐格","電腦及週邊設備業","上市","2002/01/23","N"
"3003","健和興","電子零組件業","上市","2002/02/19","N"
"3004","豐達科","鋼鐵工業","上市","2002/02/25","N"
"3005","神基","電腦及週邊設備業","上市","2002/02/25","N"
"3006","晶豪科","半導體業","上市","2002/03/04","N"
"3008","大立光","光電業","上市","2002/03/11","N"
"3010","華立","電子通路業","上市","2002/07/22","N"
"3011","今皓","電子零組件業","上市","2002/07/22","N"
"3013","晟銘電","電腦及週邊設備業","上市","2002/09/16","N"
"3014","聯陽","半導體業","上市","2002/10/29","N"
"3015","全漢","電子零組件業","上市","2002/10/16","N"
"3016","嘉晶","半導體業","上市","2002/12/24","N"
"3017","奇鋐","電腦及週邊設備業","上市","2002/09/27","N"
"3018","同開","其他電子業","上市","2002/08/26","N"
"3019","亞光","光電業","上市","2002/08/26","N"
"3021","鴻名","電子零組件業","上市","2002/08/26","N"
"3022","威強電","電腦及週邊設備業","上市","2002/08/26","N"
"3023","信邦","電子零組件業","上市","2002/08/26","N"
"3024","憶聲","光電業","上市","2002/08/26","N"
"3025","星通","通信網路業","上市","2002/08/26","N"
"3026","禾伸堂","電子零組件業","上市","2002/08/26","N"
"3027","盛達","通信網路業","上市","2002/08/26","N"
"3028","增你強","電子通路業","上市","2002/08/26","N"
"3029","零壹","資訊服務業","上市","2002/08/26","N"
"3030","德律","其他電子業","上市","2002/10/29","N"
"3031","佰鴻","光電業","上市","2002/08/26","N"
"3032","偉訓","電子零組件業","上市","2002/08/26","N"
"3033","威健","電子通路業","上市","2002/08/26","N"
"3034","聯詠","半導體業","上市","2002/08/26","N"
"3035","智原","半導體業","上市","2002/08/26","N"
"3036","文曄","電子通路業","上市","2002/08/26","N"
"3037","欣興","電子零組件業","上市","2002/08/26","N"
"3038","全台","光電業","上市","2002/08/26","N"
"3040","遠見","其他業","上市","2002/08/26","N"
"3041","揚智","半導體業","上市","2002/08/26","N"
"3042","晶技","電子零組件業","上市","2002/08/26","N"
"3043","科風","其他電子業","上市","2002/08/26","N"
"3044","健鼎","電子零組件業","上市","2002/08/26","N"
"3045","台灣大","通信網路業","上市","2002/08/26","N"
"3046","建碁","電腦及週邊設備業","上市","2002/08/26","N"
"3047","訊舟","通信網路業","上市","2002/08/26","N"
"3048","益登","電子通路業","上市","2002/10/01","N"
"3049","和鑫","光電業","上市","2002/09/27","N"
"3050","鈺德","光電業","上市","2002/10/29","N"
"3051","力特","光電業","上市","2002/10/28","N"
"3052","夆典","建材營造業","上市","1995/11/25","N"
"3054","立萬利","半導體業","上市","2002/11/18","N"
"3055","蔚華科","電子通路業","上市","2002/12/12","N"
"3056","總太","建材營造業","上市","2003/03/03","N"
"3057","喬鼎","電腦及週邊設備業","上市","2002/12/18","N"
"3058","立德","電子零組件業","上市","2002/12/09","N"
"3059","華晶科","光電業","上市","2002/12/24","N"
"3060","銘異","電腦及週邊設備業","上市","2003/04/21","N"
"3062","建漢","通信網路業","上市","2003/07/28","N"
"3090","日電貿","電子零組件業","上市","2007/12/31","N"
"3092","鴻碩","電子零組件業","上市","2021/05/13","N"
"3094","聯傑","半導體業","上市","2007/08/06","N"
"3130","一零四","資訊服務業","上市","2006/02/17","N"
"3138","耀登","通信網路業","上市","2020/12/11","N"
"3149","正達","光電業","上市","2011/11/23","N"
"3164","景岳","生技醫療業","上市","2010/03/22","N"
"3167","大量","電機機械","上市","2013/10/21","N"
"3189","景碩","半導體業","上市","2004/11/01","N"
"3209","全科","電子通路業","上市","2008/11/26","N"
"3229","晟鈦","電子零組件業","上市","2009/12/31","N"
"3231","緯創","電腦及週邊設備業","上市","2003/08/19","N"
"3257","虹冠電","半導體業","上市","2011/03/21","N"
"3266","昇陽","建材營造業","上市","2014/12/24","N"
"3296","勝德","電子零組件業","上市","2007/12/31","N"
"3305","昇貿","其他電子業","上市","2008/07/10","N"
"3308","聯德","電子零組件業","上市","2008/03/12","N"
"3311","閎暉","通信網路業","上市","2004/03/08","N"
"3312","弘憶股","電子通路業","上市","2010/12/29","N"
"3321","同泰","電子零組件業","上市","2015/12/15","N"
"3338","泰碩","電子零組件業","上市","2013/12/13","N"
"3346","麗清","汽車工業","上市","2016/12/19","N"
"3356","奇偶","光電業","上市","2005/03/28","N"
"3376","新日興","電子零組件業","上市","2007/12/31","N"
"3380","明泰","通信網路業","上市","2004/12/20","N"
"3383","新世紀","光電業","上市","2007/12/10","N"
"3406","玉晶光","光電業","上市","2005/12/20","N"
"3413","京鼎","半導體業","上市","2015/07/28","N"
"3416","融程電","電腦及週邊設備業","上市","2015/01/23","N"
"3419","譁裕","通信網路業","上市","2008/01/21","N"
"3432","台端","電子零組件業","上市","2010/12/30","N"
"3437","榮創","光電業","上市","2014/07/09","N"
"3443","創意","半導體業","上市","2006/11/03","N"
"3450","聯鈞","半導體業","上市","2006/04/12","N"
"3454","晶睿","光電業","上市","2011/07/22","N"
"3481","群創","光電業","上市","2006/10/24","N"
"3494","誠研","電腦及週邊設備業","上市","2007/12/13","N"
"3501","維熹","電子零組件業","上市","2007/09/20","N"
"3504","揚明光","光電業","上市","2007/01/26","N"
"3515","華擎","電腦及週邊設備業","上市","2007/11/08","N"
"3518","柏騰","其他電子業","上市","2007/11/28","N"
"3528","安馳","電子通路業","上市","2016/05/18","N"
"3530","晶相光","半導體業","上市","2018/07/16","N"
"3532","台勝科","半導體業","上市","2007/12/10","N"
"3533","嘉澤","電子零組件業","上市","2007/12/10","N"
"3535","晶彩科","光電業","上市","2008/01/31","N"
"3536","誠創","半導體業","上市","2008/04/30","N"
"3543","州巧","光電業","上市","2020/04/15","N"
"3545","敦泰","半導體業","上市","2007/07/03","N"
"3550","聯穎","電子零組件業","上市","2010/11/10","N"
"3557","嘉威","其他業","上市","2008/02/27","N"
"3563","牧德","光電業","上市","2019/04/02","N"
"3576","聯合再生","光電業","上市","2009/01/12","N"
"3583","辛耘","半導體業","上市","2013/03/12","N"
"3588","通嘉","半導體業","上市","2009/08/14","N"
"3591","艾笛森","光電業","上市","2010/11/12","N"
"3593","力銘","電子零組件業","上市","2009/03/16","N"
"3596","智易","通信網路業","上市","2009/03/11","N"
"3605","宏致","電子零組件業","上市","2009/03/26","N"
"3607","谷崧","電子零組件業","上市","2009/10/28","N"
"3617","碩天","其他電子業","上市","2009/12/23","N"
"3622","洋華","光電業","上市","2009/03/25","N"
"3645","達邁","電子零組件業","上市","2011/10/05","N"
"3653","健策","電子零組件業","上市","2009/11/18","N"
"3661","世芯-KY","半導體業","上市","2014/10/28","N"
"3665","貿聯-KY","其他電子業","上市","2011/04/21","N"
"3669","圓展","通信網路業","上市","2011/08/25","N"
"3679","新至陞","電子零組件業","上市","2011/10/05","N"
"3682","亞太電","通信網路業","上市","2013/08/05","N"
"3686","達能","半導體業","上市","2010/07/20","N"
"3694","海華","通信網路業","上市","2011/05/03","N"
"3701","大眾控","電腦及週邊設備業","上市","2004/08/30","N"
"3702","大聯大","電子通路業","上市","2005/11/09","N"
"3703","欣陸","建材營造業","上市","2010/04/08","N"
"3704","合勤控","通信網路業","上市","2010/08/16","N"
"3705","永信","生技醫療業","上市","2011/01/03","N"
"3706","神達","電腦及週邊設備業","上市","2013/09/12","N"
"3708","上緯投控","化學工業","上市","2016/08/31","N"
"3711","日月光投控","半導體業","上市","2018/04/30","N"
"3712","永崴投控","電腦及週邊設備業","上市","2018/10/01","N"
"3714","富采","光電業","上市","2021/01/06","N"
"4104","佳醫","生技醫療業","上市","2007/12/31","N"
"4106","雃博","生技醫療業","上市","2004/11/08","N"
"4108","懷特","生技醫療業","上市","2008/07/16","N"
"4119","旭富","生技醫療業","上市","2004/01/07","N"
"4133","亞諾法","生技醫療業","上市","2009/12/28","N"
"4137","麗豐-KY","生技醫療業","上市","2013/11/27","N"
"4141","龍燈-KY","生技醫療業","上市","2012/04/25","N"
"4142","國光生","生技醫療業","上市","2012/05/03","N"
"4148","全宇生技-KY","生技醫療業","上市","2017/06/08","N"
"4155","訊映","生技醫療業","上市","2017/12/05","N"
"4164","承業醫","生技醫療業","上市","2012/10/24","N"
"4190","佐登-KY","生技醫療業","上市","2015/10/21","N"
"4306","炎洲","塑膠工業","上市","2008/01/21","N"
"4414","如興","紡織纖維","上市","2004/09/06","N"
"4426","利勤","紡織纖維","上市","2011/12/16","N"
"4438","廣越","紡織纖維","上市","2016/10/18","N"
"4439","冠星-KY","紡織纖維","上市","2019/12/05","N"
"4440","宜新實業","紡織纖維","上市","2021/10/25","N"
"4526","東台","電機機械","上市","2003/09/15","N"
"4532","瑞智","電機機械","上市","2003/08/04","N"
"4536","拓凱","其他業","上市","2013/10/09","N"
"4540","全球傳動","電機機械","上市","2018/08/15","N"
"4545","銘鈺","電子零組件業","上市","2016/01/06","N"
"4551","智伸科","汽車工業","上市","2015/08/10","N"
"4552","力達-KY","電機機械","上市","2016/07/20","N"
"4555","氣立","電機機械","上市","2015/10/27","N"
"4557","永新-KY","汽車工業","上市","2015/10/12","N"
"4560","強信-KY","電機機械","上市","2017/05/26","N"
"4562","穎漢","電機機械","上市","2017/08/21","N"
"4564","元翎","電機機械","上市","2019/03/07","N"
"4566","時碩工業","電機機械","上市","2018/02/05","N"
"4571","鈞興-KY","電機機械","上市","2019/09/17","Y"
"4572","駐龍","電機機械","上市","2019/09/10","N"
"4576","大銀微系統","電機機械","上市","2019/09/04","N"
"4581","光隆精密-KY","汽車工業","上市","2020/03/09","Y"
"4720","德淵","化學工業","上市","2015/06/24","N"
"4722","國精化","化學工業","上市","2012/08/15","N"
"4737","華廣","生技醫療業","上市","2010/12/23","N"
"4739","康普","化學工業","上市","2017/09/08","N"
"4746","台耀","生技醫療業","上市","2011/03/01","N"
"4755","三福化","化學工業","上市","2013/11/27","N"
"4763","材料-KY","化學工業","上市","2015/11/09","N"
"4764","雙鍵","化學工業","上市","2018/01/04","N"
"4766","南寶","化學工業","上市","2018/11/28","N"
"4807","日成-KY","貿易百貨業","上市","2017/06/26","N"
"4904","遠傳","通信網路業","上市","2005/08/24","N"
"4906","正文","通信網路業","上市","2003/06/30","N"
"4912","聯德控股-KY","電子零組件業","上市","2015/05/21","N"
"4915","致伸","電子零組件業","上市","2012/10/05","N"
"4916","事欣科","電腦及週邊設備業","上市","2013/11/21","N"
"4919","新唐","半導體業","上市","2010/09/27","N"
"4927","泰鼎-KY","電子零組件業","上市","2015/09/08","N"
"4930","燦星網","電器電纜","上市","2010/06/21","N"
"4934","太極","光電業","上市","2010/03/10","N"
"4935","茂林-KY","光電業","上市","2011/07/28","N"
"4938","和碩","電腦及週邊設備業","上市","2010/06/24","N"
"4942","嘉彰","光電業","上市","2011/06/27","N"
"4943","康控-KY","電子零組件業","上市","2016/11/11","N"
"4952","凌通","半導體業","上市","2011/11/01","N"
"4956","光鋐","光電業","上市","2011/10/24","N"
"4958","臻鼎-KY","電子零組件業","上市","2011/12/26","N"
"4960","誠美材","光電業","上市","2011/10/24","N"
"4961","天鈺","半導體業","上市","2018/10/17","N"
"4967","十銓","半導體業","上市","2019/01/14","N"
"4968","立積","半導體業","上市","2015/11/13","N"
"4976","佳凌","光電業","上市","2012/11/20","N"
"4977","眾達-KY","通信網路業","上市","2013/11/20","N"
"4989","榮科","電子零組件業","上市","2018/06/28","N"
"4994","傳奇","資訊服務業","上市","2013/12/25","N"
"4999","鑫禾","電子零組件業","上市","2013/06/03","N"
"5007","三星","鋼鐵工業","上市","2011/09/16","N"
"5203","訊連","資訊服務業","上市","2004/09/27","N"
"5215","科嘉-KY","電腦及週邊設備業","上市","2011/12/26","N"
"5222","全訊","半導體業","上市","2021/10/25","N"
"5225","東科-KY","其他電子業","上市","2012/11/05","N"
"5234","達興材料","光電業","上市","2012/07/16","N"
"5243","乙盛-KY","光電業","上市","2013/11/25","N"
"5258","虹堡","電腦及週邊設備業","上市","2016/12/30","N"
"5269","祥碩","半導體業","上市","2012/12/12","N"
"5283","禾聯碩","電器電纜","上市","2019/05/24","N"
"5284","jpp-KY","其他業","上市","2017/03/09","N"
"5285","界霖","半導體業","上市","2014/02/25","N"
"5288","豐祥-KY","電機機械","上市","2014/09/25","N"
"5388","中磊","通信網路業","上市","2007/12/03","N"
"5434","崇越","電子通路業","上市","2003/08/25","N"
"5469","瀚宇博","電子零組件業","上市","2003/08/25","N"
"5471","松翰","半導體業","上市","2003/08/25","N"
"5484","慧友","光電業","上市","2003/08/25","N"
"5515","建國","建材營造業","上市","2003/10/06","N"
"5519","隆大","建材營造業","上市","2014/02/10","N"
"5521","工信","建材營造業","上市","2012/12/18","N"
"5522","遠雄","建材營造業","上市","2007/08/06","N"
"5525","順天","建材營造業","上市","2004/11/26","N"
"5531","鄉林","建材營造業","上市","2005/01/31","N"
"5533","皇鼎","建材營造業","上市","2008/04/30","N"
"5534","長虹","建材營造業","上市","2004/05/24","N"
"5538","東明-KY","鋼鐵工業","上市","2013/12/16","N"
"5546","永固-KY","建材營造業","上市","2020/05/20","N"
"5607","遠雄港","航運業","上市","2004/12/02","N"
"5608","四維航","航運業","上市","2003/08/25","N"
"5706","鳳凰","觀光事業","上市","2011/10/21","N"
"5871","中租-KY","其他業","上市","2011/12/13","N"
"5876","上海商銀","金融保險業","上市","2018/10/19","N"
"5880","合庫金","金融保險業","上市","2011/12/01","N"
"5906","台南-KY","貿易百貨業","上市","2011/10/24","N"
"5907","大洋-KY","貿易百貨業","上市","2012/06/06","N"
"6005","群益證","金融保險業","上市","2005/11/21","N"
"6024","群益期","金融保險業","上市","2017/10/16","N"
"6108","競國","電子零組件業","上市","2008/12/30","N"
"6112","聚碩","資訊服務業","上市","2003/08/04","N"
"6115","鎰勝","電子零組件業","上市","2004/07/19","N"
"6116","彩晶","光電業","上市","2004/09/06","N"
"6117","迎廣","電腦及週邊設備業","上市","2003/08/25","N"
"6120","達運","光電業","上市","2006/09/13","N"
"6128","上福","電腦及週邊設備業","上市","2003/06/16","N"
"6133","金橋","電子零組件業","上市","2003/08/15","N"
"6136","富爾特","通信網路業","上市","2003/08/25","N"
"6139","亞翔","其他電子業","上市","2003/08/25","N"
"6141","柏承","電子零組件業","上市","2003/10/22","N"
"6142","友勁","通信網路業","上市","2003/08/04","N"
"6152","百一","通信網路業","上市","2009/12/08","N"
"6153","嘉聯益","電子零組件業","上市","2008/01/21","N"
"6155","鈞寶","電子零組件業","上市","2006/08/18","N"
"6164","華興","光電業","上市","2008/10/21","N"
"6165","浪凡","其他業","上市","2003/08/04","N"
"6166","凌華","電腦及週邊設備業","上市","2004/11/08","N"
"6168","宏齊","光電業","上市","2003/08/25","N"
"6172","互億","電腦及週邊設備業","上市","2004/05/24","N"
"6176","瑞儀","光電業","上市","2007/05/15","N"
"6177","達麗","建材營造業","上市","2013/08/01","N"
"6183","關貿","資訊服務業","上市","2011/12/01","N"
"6184","大豐電","其他業","上市","2005/02/15","N"
"6189","豐藝","電子通路業","上市","2004/05/24","N"
"6191","精成科","電子零組件業","上市","2007/10/19","N"
"6192","巨路","其他電子業","上市","2004/09/27","N"
"6196","帆宣","其他電子業","上市","2004/05/24","N"
"6197","佳必琪","電子零組件業","上市","2004/11/08","N"
"6201","亞弘電","其他電子業","上市","2004/09/27","N"
"6202","盛群","半導體業","上市","2004/09/27","N"
"6205","詮欣","電子零組件業","上市","2008/01/21","N"
"6206","飛捷","電腦及週邊設備業","上市","2004/08/03","N"
"6209","今國光","光電業","上市","2004/11/08","N"
"6213","聯茂","電子零組件業","上市","2008/01/21","N"
"6214","精誠","資訊服務業","上市","2010/12/30","N"
"6215","和椿","其他電子業","上市","2007/12/31","N"
"6216","居易","通信網路業","上市","2004/09/27","N"
"6224","聚鼎","電子零組件業","上市","2009/09/17","N"
"6225","天瀚","光電業","上市","2004/09/27","N"
"6226","光鼎","光電業","上市","2008/11/10","N"
"6230","尼得科超眾","電腦及週邊設備業","上市","2010/09/16","N"
"6235","華孚","電腦及週邊設備業","上市","2004/08/23","N"
"6239","力成","半導體業","上市","2004/11/08","N"
"6243","迅杰","半導體業","上市","2009/12/17","N"
"6251","定穎","電子零組件業","上市","2009/03/18","N"
"6257","矽格","半導體業","上市","2003/08/25","N"
"6269","台郡","電子零組件業","上市","2003/09/23","N"
"6271","同欣電","半導體業","上市","2007/11/16","N"
"6277","宏正","電腦及週邊設備業","上市","2003/10/30","N"
"6278","台表科","光電業","上市","2010/08/24","N"
"6281","全國電","電子通路業","上市","2005/12/08","N"
"6282","康舒","電子零組件業","上市","2003/09/08","N"
"6283","淳安","其他電子業","上市","2008/01/21","N"
"6285","啟碁","通信網路業","上市","2003/09/22","N"
"6288","聯嘉","汽車工業","上市","2018/05/09","N"
"6289","華上","光電業","上市","2003/08/28","N"
"6405","悅城","光電業","上市","2013/11/28","N"
"6409","旭隼","其他電子業","上市","2014/03/31","N"
"6412","群電","電子零組件業","上市","2013/11/08","N"
"6414","樺漢","電腦及週邊設備業","上市","2014/03/28","N"
"6415","矽力-KY","半導體業","上市","2013/12/12","N"
"6416","瑞祺電通","通信網路業","上市","2018/04/16","N"
"6426","統新","通信網路業","上市","2021/03/24","N"
"6431","光麗-KY","光電業","上市","2014/12/04","N"
"6438","迅得","其他電子業","上市","2021/01/19","N"
"6442","光聖","通信網路業","上市","2015/07/14","N"
"6443","元晶","光電業","上市","2015/10/01","N"
"6449","鈺邦","電子零組件業","上市","2014/12/09","N"
"6451","訊芯-KY","半導體業","上市","2015/01/26","N"
"6456","GIS-KY","光電業","上市","2015/06/12","N"
"6464","台數科","其他業","上市","2015/12/16","N"
"6477","安集","光電業","上市","2016/06/21","N"
"6491","晶碩","生技醫療業","上市","2019/10/07","N"
"6504","南六","其他業","上市","2013/05/07","N"
"6505","台塑化","油電燃氣業","上市","2003/12/26","N"
"6515","穎崴","半導體業","上市","2021/01/20","Y"
"6525","捷敏-KY","半導體業","上市","2016/04/12","N"
"6531","愛普*","半導體業","上市","2016/05/31","N"
"6533","晶心科","半導體業","上市","2017/03/14","N"
"6541","泰福-KY","生技醫療業","上市","2017/10/26","N"
"6552","易華電","半導體業","上市","2017/01/10","N"
"6558","興能高","其他電子業","上市","2018/12/05","N"
"6573","虹揚-KY","半導體業","上市","2017/09/26","N"
"6579","研揚","電腦及週邊設備業","上市","2017/08/21","N"
"6581","鋼聯","其他業","上市","2018/01/30","N"
"6582","申豐","橡膠工業","上市","2017/06/14","N"
"6591","動力-KY","電腦及週邊設備業","上市","2017/12/28","N"
"6592","和潤企業","其他業","上市","2019/12/09","N"
"6598","ABC-KY","生技醫療業","上市","2020/06/09","N"
"6605","帝寶","汽車工業","上市","2004/03/17","N"
"6625","必應","其他業","上市","2018/02/07","N"
"6641","基士德-KY","其他業","上市","2018/09/21","N"
"6655","科定","其他業","上市","2018/11/28","N"
"6666","羅麗芬-KY","生技醫療業","上市","2018/11/19","N"
"6668","中揚光","光電業","上市","2018/12/12","N"
"6669","緯穎","電腦及週邊設備業","上市","2019/03/27","N"
"6670","復盛應用","其他業","上市","2018/12/18","N"
"6671","三能-KY","其他業","上市","2018/12/11","Y"
"6672","騰輝電子-KY","電子零組件業","上市","2019/04/17","Y"
"6674","鋐寶科技","通信網路業","上市","2018/11/28","Y"
"6698","旭暉應材","其他電子業","上市","2019/11/25","Y"
"6706","惠特","光電業","上市","2019/12/19","Y"
"6715","嘉基","電子零組件業","上市","2019/12/12","Y"
"6743","安普新","其他電子業","上市","2020/12/14","Y"
"6754","匯僑設計","其他業","上市","2020/08/25","Y"
"6756","威鋒電子","半導體業","上市","2020/12/24","Y"
"6768","志強-KY","其他業","上市","2021/04/22","Y"
"6770","力積電","半導體業","上市","2021/12/06","Y"
"6776","展碁國際","電子通路業","上市","2021/03/31","N"
"6781","AES-KY","電子零組件業","上市","2021/03/22","Y"
"6790","永豐實","造紙工業","上市","2021/09/29","Y"
"6792","詠業","通信網路業","上市","2021/12/08","Y"
"6806","森崴能源","其他業","上市","2021/11/15","Y"
"8011","台通","通信網路業","上市","2011/09/19","N"
"8016","矽創","半導體業","上市","2003/12/25","N"
"8021","尖點","其他電子業","上市","2008/01/21","N"
"8028","昇陽半導體","半導體業","上市","2018/07/10","N"
"8033","雷虎","其他業","上市","2007/06/21","N"
"8039","台虹","電子零組件業","上市","2009/12/17","N"
"8046","南電","電子零組件業","上市","2006/04/07","N"
"8070","長華*","電子通路業","上市","2007/12/31","N"
"8072","陞泰","電子通路業","上市","2005/08/19","N"
"8081","致新","半導體業","上市","2008/12/30","N"
"8101","華冠","通信網路業","上市","2004/07/01","N"
"8103","瀚荃","電子零組件業","上市","2009/09/29","N"
"8104","錸寶","光電業","上市","2019/01/17","N"
"8105","凌巨","光電業","上市","2006/12/27","N"
"8110","華東","半導體業","上市","2007/10/31","N"
"8112","至上","電子通路業","上市","2007/12/31","N"
"8114","振樺電","電腦及週邊設備業","上市","2012/11/26","N"
"8131","福懋科","半導體業","上市","2007/11/29","N"
"8150","南茂","半導體業","上市","2014/04/11","N"
"8163","達方","電腦及週邊設備業","上市","2007/11/28","N"
"8201","無敵","其他電子業","上市","2007/10/29","N"
"8210","勤誠","電腦及週邊設備業","上市","2011/12/01","N"
"8213","志超","電子零組件業","上市","2009/12/25","N"
"8215","明基材","光電業","上市","2010/11/12","N"
"8222","寶一","電機機械","上市","2015/01/27","N"
"8249","菱光","電子零組件業","上市","2005/05/17","N"
"8261","富鼎","半導體業","上市","2009/12/11","N"
"8271","宇瞻","半導體業","上市","2010/12/29","N"
"8341","日友","其他業","上市","2015/03/23","N"
"8367","建新國際","航運業","上市","2018/09/12","N"
"8374","羅昇","電機機械","上市","2008/12/25","N"
"8404","百和興業-KY","其他業","上市","2011/05/18","N"
"8411","福貞-KY","其他業","上市","2011/11/01","N"
"8422","可寧衛","其他業","上市","2011/10/05","N"
"8427","基勝-KY","其他業","上市","2011/12/06","N"
"8429","金麗-KY","貿易百貨業","上市","2012/12/20","N"
"8442","威宏-KY","其他業","上市","2016/11/08","N"
"8443","阿瘦","貿易百貨業","上市","2014/09/15","N"
"8454","富邦媒","貿易百貨業","上市","2014/12/19","N"
"8462","柏文","觀光事業","上市","2019/03/15","N"
"8463","潤泰材","其他業","上市","2015/07/13","N"
"8464","億豐","其他業","上市","2015/12/22","N"
"8466","美吉吉-KY","其他業","上市","2016/11/01","N"
"8467","波力-KY","其他業","上市","2015/12/15","N"
"8473","山林水","其他業","上市","2016/09/08","N"
"8478","東哥遊艇","其他業","上市","2017/12/11","N"
"8480","泰昇-KY","其他業","上市","2017/01/17","N"
"8481","政伸","其他業","上市","2017/02/24","N"
"8482","商億-KY","其他業","上市","2018/08/15","N"
"8488","吉源-KY","其他業","上市","2016/12/13","N"
"8499","鼎炫-KY","其他電子業","上市","2017/11/24","N"
"8926","台汽電","油電燃氣業","上市","2003/08/25","N"
"8940","新天地","觀光事業","上市","2009/05/15","N"
"8996","高力","電機機械","上市","2014/02/14","N"
"9802","鈺齊-KY","其他業","上市","2012/10/18","N"
"9902","台火","其他業","上市","1964/07/14","N"
"9904","寶成","其他業","上市","1990/01/19","N"
"9905","大華","其他業","上市","1990/08/08","N"
"9906","欣巴巴","建材營造業","上市","1990/12/15","N"
"9907","統一實","其他業","上市","1991/01/29","N"
"9908","大台北","油電燃氣業","上市","1991/02/06","N"
"9910","豐泰","其他業","上市","1992/02/18","N"
"9911","櫻花","其他業","上市","1992/07/16","N"
"9912","偉聯","電腦及週邊設備業","上市","1992/08/08","N"
"9914","美利達","其他業","上市","1992/09/30","N"
"9917","中保科","其他業","上市","1993/12/08","N"
"9918","欣天然","油電燃氣業","上市","1994/04/26","N"
"9919","康那香","其他業","上市","1994/11/04","N"
"9921","巨大","其他業","上市","1994/12/29","N"
"9924","福興","其他業","上市","1995/03/15","N"
"9925","新保","其他業","上市","1995/12/09","N"
"9926","新海","油電燃氣業","上市","1998/04/08","N"
"9927","泰銘","其他業","上市","1999/03/12","N"
"9928","中視","其他業","上市","1999/08/09","N"
"9929","秋雨","其他業","上市","1999/06/28","N"
"9930","中聯資源","其他業","上市","1999/11/22","N"
"9931","欣高","油電燃氣業","上市","2000/03/21","N"
"9933","中鼎","其他業","上市","1993/05/28","N"
"9934","成霖","其他業","上市","2000/09/11","N"
"9935","慶豐富","其他業","上市","2000/09/11","N"
"9937","全國","油電燃氣業","上市","2000/09/11","N"
"9938","百和","其他業","上市","2001/01/12","N"
"9939","宏全","其他業","上市","2001/03/02","N"
"9940","信義","其他業","上市","2001/09/17","N"
"9941","裕融","其他業","上市","2001/09/17","N"
"9942","茂順","其他業","上市","2002/01/28","N"
"9943","好樂迪","觀光事業","上市","2002/08/26","N"
"9944","新麗","其他業","上市","2002/08/26","N"
"9945","潤泰新","其他業","上市","1992/04/30","N"
"9946","三發地產","建材營造業","上市","2013/09/17","N"
"9955","佳龍","其他業","上市","2008/01/21","N"
"9958","世紀鋼","鋼鐵工業","上市","2008/03/12","N"
"1240","茂生農經","農業科技業","上櫃","2018/08/08","Y"
"1258","其祥-KY","食品工業","上櫃","2011/12/12","Y"
"1259","安心","觀光事業","上櫃","2011/12/15","Y"
"1264","德麥","食品工業","上櫃","2015/04/09","Y"
"1268","漢來美食","觀光事業","上櫃","2017/09/27","Y"
"1336","台翰","電子零組件業","上櫃","2007/11/02","Y"
"1565","精華","生技醫療業","上櫃","2004/03/30","Y"
"1569","濱川","電腦及週邊設備業","上櫃","2005/07/29","Y"
"1570","力肯","電機機械","上櫃","2005/06/30","Y"
"1580","新麥","電機機械","上櫃","2007/12/10","Y"
"1584","精剛","其他業","上櫃","2007/11/28","Y"
"1586","和勤","電機機械","上櫃","2012/01/09","Y"
"1591","駿吉-KY","電機機械","上櫃","2012/03/23","Y"
"1593","祺驊","生技醫療業","上櫃","2012/06/13","Y"
"1595","川寶","電子零組件業","上櫃","2011/10/04","Y"
"1599","宏佳騰","電機機械","上櫃","2012/12/25","Y"
"1742","台蠟","化學工業","上櫃","2004/05/14","Y"
"1752","南光","生技醫療業","上櫃","2009/08/10","Y"
"1777","生泰","生技醫療業","上櫃","2005/10/19","Y"
"1781","合世","生技醫療業","上櫃","2004/12/24","Y"
"1784","訊聯","生技醫療業","上櫃","2007/07/26","Y"
"1785","光洋科","其他電子業","上櫃","2005/01/31","Y"
"1788","杏昌","生技醫療業","上櫃","2009/07/20","Y"
"1796","金穎生技","食品工業","上櫃","2018/01/22","Y"
"1799","易威","生技醫療業","上櫃","2008/11/10","Y"
"1813","寶利徠","生技醫療業","上櫃","2009/08/04","Y"
"1815","富喬","電子零組件業","上櫃","2006/01/23","Y"
"2035","唐榮","鋼鐵工業","上櫃","2006/07/07","Y"
"2061","風青","電器電纜","上櫃","2010/12/09","Y"
"2063","世鎧","鋼鐵工業","上櫃","2010/09/07","Y"
"2064","晉椿","鋼鐵工業","上櫃","2014/12/26","Y"
"2065","世豐","鋼鐵工業","上櫃","2017/04/21","Y"
"2066","世德","電機機械","上櫃","2013/09/24","Y"
"2067","嘉鋼","電機機械","上櫃","2014/05/26","Y"
"2070","精湛","電機機械","上櫃","2018/12/17","Y"
"2221","大甲","其他業","上櫃","2007/08/01","Y"
"2230","泰茂","電機機械","上櫃","2013/04/18","Y"
"2235","謚源","電機機械","上櫃","2014/12/15","Y"
"2596","綠意","建材營造業","上櫃","2009/06/01","Y"
"2640","大車隊","其他業","上櫃","2012/11/07","Y"
"2641","正德","航運業","上櫃","2014/10/09","Y"
"2643","捷迅","航運業","上櫃","2016/03/04","Y"
"2718","晶悅","觀光事業","上櫃","2011/03/29","Y"
"2719","燦星旅","觀光事業","上櫃","2012/02/24","Y"
"2724","富驛-KY","觀光事業","上櫃","2012/05/29","Y"
"2726","雅茗-KY","觀光事業","上櫃","2014/12/24","Y"
"2729","瓦城","觀光事業","上櫃","2012/09/17","Y"
"2732","六角","觀光事業","上櫃","2015/01/20","Y"
"2734","易飛網","觀光事業","上櫃","2013/12/26","Y"
"2736","富野","觀光事業","上櫃","2016/01/06","Y"
"2740","天蔥","觀光事業","上櫃","2015/12/24","Y"
"2743","山富","觀光事業","上櫃","2020/03/09","Y"
"2745","五福","觀光事業","上櫃","2018/04/16","Y"
"2752","豆府","觀光事業","上櫃","2019/09/25","Y"
"2754","亞洲藏壽司","觀光事業","上櫃","2020/09/17","Y"
"2755","揚秦","觀光事業","上櫃","2020/12/16","Y"
"2916","滿心","貿易百貨業","上櫃","2005/03/10","Y"
"2924","東凌-KY","貿易百貨業","上櫃","2011/12/02","Y"
"2926","誠品生活","文化創意業","上櫃","2013/01/30","Y"
"2937","集雅社","貿易百貨業","上櫃","2017/06/08","Y"
"2947","振宇五金","貿易百貨業","上櫃","2021/10/06","Y"
"3064","泰偉","文化創意業","上櫃","2004/06/09","Y"
"3066","李洲","光電業","上櫃","2004/12/02","Y"
"3067","全域","其他電子業","上櫃","2003/10/21","Y"
"3071","協禧","電腦及週邊設備業","上櫃","2004/12/30","Y"
"3073","天方能源","半導體業","上櫃","2007/10/08","Y"
"3078","僑威","電子零組件業","上櫃","2005/01/31","Y"
"3081","聯亞","通信網路業","上櫃","2015/07/22","Y"
"3083","網龍","文化創意業","上櫃","2003/12/02","Y"
"3085","新零售","電子商務","上櫃","2004/03/01","Y"
"3086","華義","文化創意業","上櫃","2004/03/29","Y"
"3088","艾訊","電腦及週邊設備業","上櫃","2005/04/28","Y"
"3089","億杰","電子零組件業","上櫃","2003/10/14","Y"
"3093","港建","其他電子業","上櫃","2005/06/17","Y"
"3095","及成","通信網路業","上櫃","2005/05/26","Y"
"3105","穩懋","半導體業","上櫃","2011/12/13","Y"
"3114","好德","電子零組件業","上櫃","2004/03/25","Y"
"3115","寶島極","電子零組件業","上櫃","2005/04/08","Y"
"3118","進階","生技醫療業","上櫃","2008/05/21","Y"
"3122","笙泉","半導體業","上櫃","2015/01/26","Y"
"3128","昇銳","光電業","上櫃","2006/09/04","Y"
"3131","弘塑","其他電子業","上櫃","2011/01/17","Y"
"3141","晶宏","半導體業","上櫃","2014/03/14","Y"
"3147","大綜","資訊服務業","上櫃","2018/05/29","Y"
"3152","璟德","通信網路業","上櫃","2008/03/24","Y"
"3162","精確","電機機械","上櫃","2005/10/03","Y"
"3163","波若威","通信網路業","上櫃","2012/12/03","Y"
"3169","亞信","半導體業","上櫃","2009/11/24","Y"
"3171","新洲","貿易百貨業","上櫃","2004/09/17","Y"
"3176","基亞","生技醫療業","上櫃","2011/11/23","Y"
"3178","公準","電機機械","上櫃","2018/11/19","Y"
"3188","鑫龍騰","建材營造業","上櫃","2004/03/17","Y"
"3191","和進","電子零組件業","上櫃","2005/04/12","Y"
"3202","樺晟","電子零組件業","上櫃","2005/07/26","Y"
"3205","佰研","生技醫療業","上櫃","2005/09/12","Y"
"3206","志豐","電子零組件業","上櫃","2007/02/08","Y"
"3207","耀勝","電子零組件業","上櫃","2004/11/04","Y"
"3211","順達","電腦及週邊設備業","上櫃","2004/11/08","Y"
"3213","茂訊","電腦及週邊設備業","上櫃","2004/10/01","Y"
"3217","優群","電子零組件業","上櫃","2004/04/30","Y"
"3218","大學光","生技醫療業","上櫃","2004/11/29","Y"
"3219","倚強科","其他電子業","上櫃","2004/03/19","Y"
"3221","台嘉碩","通信網路業","上櫃","2006/02/22","Y"
"3224","三顧","電子通路業","上櫃","2004/06/03","Y"
"3226","至寶電","電機機械","上櫃","2004/06/16","Y"
"3227","原相","半導體業","上櫃","2006/05/04","Y"
"3228","金麗科","半導體業","上櫃","2005/03/02","Y"
"3230","錦明","光電業","上櫃","2006/09/25","Y"
"3232","昱捷","電子通路業","上櫃","2004/11/01","Y"
"3234","光環","通信網路業","上櫃","2011/03/24","Y"
"3236","千如","電子零組件業","上櫃","2004/12/02","Y"
"3252","海灣","觀光事業","上櫃","2004/09/23","Y"
"3259","鑫創","半導體業","上櫃","2007/12/24","Y"
"3260","威剛","半導體業","上櫃","2004/10/08","Y"
"3264","欣銓","半導體業","上櫃","2005/01/05","Y"
"3265","台星科","半導體業","上櫃","2005/08/02","Y"
"3268","海德威","半導體業","上櫃","2005/01/27","Y"
"3272","東碩","電腦及週邊設備業","上櫃","2014/08/26","Y"
"3276","宇環","電子零組件業","上櫃","2005/01/12","Y"
"3284","太普高","其他業","上櫃","2005/03/22","Y"
"3285","微端","其他電子業","上櫃","2012/07/23","Y"
"3287","廣寰科","電腦及週邊設備業","上櫃","2008/01/28","Y"
"3288","點晶","電子零組件業","上櫃","2005/04/15","Y"
"3289","宜特","其他電子業","上櫃","2004/12/28","Y"
"3290","東浦","電子零組件業","上櫃","2005/05/19","Y"
"3293","鈊象","文化創意業","上櫃","2006/07/12","Y"
"3294","英濟","電子零組件業","上櫃","2007/04/27","Y"
"3297","杭特","光電業","上櫃","2005/06/07","Y"
"3303","岱稜","其他電子業","上櫃","2007/05/28","Y"
"3306","鼎天","通信網路業","上櫃","2005/07/05","Y"
"3310","佳穎","電子零組件業","上櫃","2008/06/27","Y"
"3313","斐成","其他業","上櫃","2006/05/29","Y"
"3317","尼克森","半導體業","上櫃","2007/08/09","Y"
"3322","建舜電","電子零組件業","上櫃","2009/05/20","Y"
"3323","加百裕","電腦及週邊設備業","上櫃","2007/06/25","Y"
"3324","雙鴻","其他電子業","上櫃","2005/05/13","Y"
"3325","旭品","電腦及週邊設備業","上櫃","2005/08/15","Y"
"3332","幸康","電子零組件業","上櫃","2008/01/24","Y"
"3339","泰谷","光電業","上櫃","2006/06/27","Y"
"3354","律勝","電子零組件業","上櫃","2005/12/08","Y"
"3357","臺慶科","電子零組件業","上櫃","2021/04/27","Y"
"3360","尚立","電子通路業","上櫃","2006/06/06","Y"
"3362","先進光","光電業","上櫃","2005/09/06","Y"
"3363","上詮","通信網路業","上櫃","2011/02/25","Y"
"3372","典範","半導體業","上櫃","2005/12/16","Y"
"3373","熱映","其他電子業","上櫃","2007/12/13","Y"
"3374","精材","半導體業","上櫃","2015/03/30","Y"
"3379","彬台","電機機械","上櫃","2011/10/20","Y"
"3388","崇越電","電子零組件業","上櫃","2006/02/22","Y"
"3390","旭軟","電子零組件業","上櫃","2006/02/22","Y"
"3402","漢科","其他電子業","上櫃","2007/01/09","Y"
"3426","台興","電機機械","上櫃","2016/12/21","Y"
"3434","哲固","光電業","上櫃","2008/01/28","Y"
"3438","類比科","半導體業","上櫃","2006/07/19","Y"
"3441","聯一光","光電業","上櫃","2010/10/04","Y"
"3444","利機","電子通路業","上櫃","2008/09/26","Y"
"3455","由田","光電業","上櫃","2007/12/27","Y"
"3465","進泰電子","電子零組件業","上櫃","2008/01/28","Y"
"3466","致振","通信網路業","上櫃","2006/05/17","Y"
"3479","安勤","電腦及週邊設備業","上櫃","2010/06/08","Y"
"3483","力致","電腦及週邊設備業","上櫃","2006/12/18","Y"
"3484","崧騰","電子零組件業","上櫃","2007/11/09","Y"
"3489","森寶","建材營造業","上櫃","2007/09/29","Y"
"3490","單井","光電業","上櫃","2007/10/15","Y"
"3491","昇達科","通信網路業","上櫃","2008/01/03","Y"
"3492","長盛","電子零組件業","上櫃","2015/05/18","Y"
"3498","陽程","其他電子業","上櫃","2007/09/11","Y"
"3499","環天科","通信網路業","上櫃","2006/10/19","Y"
"3508","位速","其他電子業","上櫃","2007/10/17","Y"
"3511","矽瑪","電子零組件業","上櫃","2009/02/16","Y"
"3512","皇龍","電子零組件業","上櫃","2007/07/25","Y"
"3516","亞帝歐","光電業","上櫃","2007/11/29","Y"
"3520","華盈","電子零組件業","上櫃","2007/10/12","Y"
"3521","鴻翊","電腦及週邊設備業","上櫃","2007/08/07","Y"
"3522","御頂","觀光事業","上櫃","2007/10/15","Y"
"3523","迎輝","光電業","上櫃","2007/11/16","Y"
"3526","凡甲","電子零組件業","上櫃","2007/11/02","Y"
"3527","聚積","半導體業","上櫃","2007/10/29","Y"
"3529","力旺","半導體業","上櫃","2011/01/24","Y"
"3531","先益","光電業","上櫃","2008/04/08","Y"
"3537","堡達","電子零組件業","上櫃","2010/01/25","Y"
"3540","曜越","電腦及週邊設備業","上櫃","2007/12/12","Y"
"3541","西柏","其他電子業","上櫃","2009/12/22","Y"
"3546","宇峻","文化創意業","上櫃","2008/04/18","Y"
"3548","兆利","電子零組件業","上櫃","2008/03/27","Y"
"3551","世禾","其他電子業","上櫃","2008/04/15","Y"
"3552","同致","其他電子業","上櫃","2009/01/07","Y"
"3555","重鵬","半導體業","上櫃","2011/11/08","Y"
"3556","禾瑞亞","半導體業","上櫃","2008/04/15","Y"
"3558","神準","通信網路業","上櫃","2013/12/30","Y"
"3564","其陽","通信網路業","上櫃","2013/12/03","Y"
"3567","逸昌","半導體業","上櫃","2010/11/22","Y"
"3570","大塚","資訊服務業","上櫃","2008/10/23","Y"
"3577","泓格","電腦及週邊設備業","上櫃","2009/01/06","Y"
"3580","友威科","其他電子業","上櫃","2010/07/09","Y"
"3581","博磊","半導體業","上櫃","2015/01/20","Y"
"3587","閎康","其他電子業","上櫃","2009/08/18","Y"
"3594","磐儀","電腦及週邊設備業","上櫃","2013/05/07","Y"
"3597","映興","電子零組件業","上櫃","2020/03/09","Y"
"3609","三一東林","電子零組件業","上櫃","2011/01/11","Y"
"3611","鼎翰","電腦及週邊設備業","上櫃","2008/11/26","Y"
"3615","安可","光電業","上櫃","2009/04/15","Y"
"3623","富晶通","光電業","上櫃","2010/04/28","Y"
"3624","光頡","電子零組件業","上櫃","2011/03/16","Y"
"3625","西勝","電腦及週邊設備業","上櫃","2009/10/28","Y"
"3628","盈正","其他電子業","上櫃","2010/09/09","Y"
"3629","地心引力","文化創意業","上櫃","2020/06/01","Y"
"3630","新鉅科","光電業","上櫃","2010/04/26","Y"
"3631","晟楠","電子零組件業","上櫃","2010/12/20","Y"
"3632","研勤","通信網路業","上櫃","2011/01/11","Y"
"3642","駿熠電","其他電子業","上櫃","2011/09/29","Y"
"3646","艾恩特","電子零組件業","上櫃","2012/03/27","Y"
"3652","精聯","電腦及週邊設備業","上櫃","2009/08/27","Y"
"3663","鑫科","其他電子業","上櫃","2012/11/20","Y"
"3664","安瑞-KY","通信網路業","上櫃","2010/06/24","Y"
"3666","光耀","光電業","上櫃","2014/12/04","Y"
"3672","康聯訊","通信網路業","上櫃","2015/04/20","Y"
"3675","德微","半導體業","上櫃","2012/06/29","Y"
"3680","家登","半導體業","上櫃","2011/08/31","Y"
"3684","榮昌","通信網路業","上櫃","2014/03/28","Y"
"3685","元創精密","電機機械","上櫃","2010/12/08","Y"
"3687","歐買尬","電子商務","上櫃","2020/06/01","Y"
"3689","湧德","電子零組件業","上櫃","2012/10/18","Y"
"3691","碩禾","光電業","上櫃","2010/11/18","Y"
"3693","營邦","電腦及週邊設備業","上櫃","2013/11/27","Y"
"3707","漢磊","半導體業","上櫃","2014/10/01","Y"
"3709","鑫聯大投控","電腦及週邊設備業","上櫃","1999/04/16","Y"
"3710","連展投控","電子零組件業","上櫃","2017/12/29","Y"
"3713","新晶投控","光電業","上櫃","2020/02/27","Y"
"4102","永日","生技醫療業","上櫃","2001/03/20","Y"
"4105","東洋","生技醫療業","上櫃","2001/09/27","Y"
"4107","邦特","生技醫療業","上櫃","2002/03/04","Y"
"4109","加捷生醫","生技醫療業","上櫃","2002/08/08","Y"
"4111","濟生","生技醫療業","上櫃","1999/03/06","Y"
"4113","聯上","建材營造業","上櫃","2003/07/22","Y"
"4114","健喬","生技醫療業","上櫃","2003/05/12","Y"
"4116","明基醫","生技醫療業","上櫃","2015/12/16","Y"
"4120","友華","生技醫療業","上櫃","2003/11/05","Y"
"4121","優盛","生技醫療業","上櫃","2003/07/25","Y"
"4123","晟德","生技醫療業","上櫃","2003/10/07","Y"
"4126","太醫","生技醫療業","上櫃","2004/02/09","Y"
"4127","天良","生技醫療業","上櫃","2005/07/29","Y"
"4128","中天","生技醫療業","上櫃","2006/06/09","Y"
"4129","聯合","生技醫療業","上櫃","2004/09/29","Y"
"4130","健亞","生技醫療業","上櫃","2012/01/12","Y"
"4131","晶宇","生技醫療業","上櫃","2004/04/09","Y"
"4138","曜亞","生技醫療業","上櫃","2010/12/29","Y"
"4139","馬光-KY","生技醫療業","上櫃","2011/04/29","Y"
"4147","中裕","生技醫療業","上櫃","2015/11/23","Y"
"4153","鈺緯","生技醫療業","上櫃","2013/05/23","Y"
"4154","樂威科-KY","生技醫療業","上櫃","2011/12/28","Y"
"4157","太景*-KY","生技醫療業","上櫃","2013/08/30","Y"
"4160","創源","生技醫療業","上櫃","2012/09/17","Y"
"4161","聿新科","生技醫療業","上櫃","2013/06/26","Y"
"4162","智擎","生技醫療業","上櫃","2012/09/18","Y"
"4163","鐿鈦","生技醫療業","上櫃","2012/11/15","Y"
"4167","松瑞藥","生技醫療業","上櫃","2015/09/08","Y"
"4168","醣聯","生技醫療業","上櫃","2012/12/18","Y"
"4171","瑞基","農業科技業","上櫃","2018/03/28","Y"
"4173","久裕","生技醫療業","上櫃","2013/10/31","Y"
"4174","浩鼎","生技醫療業","上櫃","2015/03/23","Y"
"4175","杏一","生技醫療業","上櫃","2014/04/23","Y"
"4183","福永生技","生技醫療業","上櫃","2017/03/09","Y"
"4188","安克","生技醫療業","上櫃","2015/03/24","Y"
"4192","杏國","生技醫療業","上櫃","2014/10/28","Y"
"4198","欣大健康","生技醫療業","上櫃","2014/12/23","Y"
"4205","中華食","食品工業","上櫃","1999/01/31","Y"
"4207","環泰","食品工業","上櫃","2000/01/21","Y"
"4303","信立","塑膠工業","上櫃","1999/03/10","Y"
"4304","勝昱","塑膠工業","上櫃","2000/01/27","Y"
"4305","世坤","塑膠工業","上櫃","2000/09/28","Y"
"4401","東隆興","紡織纖維","上櫃","1996/05/09","Y"
"4402","福大","紡織纖維","上櫃","1997/07/23","Y"
"4406","新昕纖","紡織纖維","上櫃","1999/01/14","Y"
"4413","飛寶企業","紡織纖維","上櫃","1999/07/29","Y"
"4416","三圓","建材營造業","上櫃","2000/05/06","Y"
"4417","金洲","紡織纖維","上櫃","2000/11/07","Y"
"4419","元勝","紡織纖維","上櫃","2001/06/26","Y"
"4420","光明","紡織纖維","上櫃","2002/04/18","Y"
"4429","聚紡","紡織纖維","上櫃","2010/09/15","Y"
"4430","耀億","其他業","上櫃","2011/06/09","Y"
"4432","銘旺實","紡織纖維","上櫃","2012/11/26","Y"
"4433","興采","紡織纖維","上櫃","2014/11/03","Y"
"4502","健信","電機機械","上櫃","1995/12/12","Y"
"4503","金雨","電機機械","上櫃","1996/12/19","Y"
"4506","崇友","電機機械","上櫃","1997/12/06","Y"
"4510","高鋒","電機機械","上櫃","1998/02/24","Y"
"4513","福裕","電機機械","上櫃","1998/03/25","Y"
"4523","永彰","電機機械","上櫃","1999/11/22","Y"
"4527","方土霖","電機機械","上櫃","2000/09/28","Y"
"4528","江興鍛","電機機械","上櫃","2001/02/12","Y"
"4529","淳紳","其他業","上櫃","2001/05/04","Y"
"4530","宏易","電機機械","上櫃","2001/04/30","Y"
"4533","協易機","電機機械","上櫃","2002/04/26","Y"
"4534","慶騰","電機機械","上櫃","2003/03/31","Y"
"4535","至興","電機機械","上櫃","2003/04/16","Y"
"4538","大詠城","電機機械","上櫃","2019/01/15","Y"
"4541","晟田","其他業","上櫃","2014/07/22","Y"
"4542","科嶠","電子零組件業","上櫃","2014/08/25","Y"
"4543","萬在","電機機械","上櫃","2016/03/15","Y"
"4549","桓達","電機機械","上櫃","2014/11/27","Y"
"4550","長佳","電機機械","上櫃","2015/03/18","Y"
"4554","橙的","其他電子業","上櫃","2016/08/05","Y"
"4556","旭然","其他業","上櫃","2015/12/22","Y"
"4561","健椿","電機機械","上櫃","2018/06/11","Y"
"4563","百德","電機機械","上櫃","2018/07/12","Y"
"4568","科際精密","電機機械","上櫃","2018/10/03","Y"
"4580","捷流閥業","電機機械","上櫃","2020/01/06","Y"
"4609","唐鋒","電器電纜","上櫃","2000/05/19","Y"
"4702","中美實","化學工業","上櫃","1995/04/21","Y"
"4706","大恭","化學工業","上櫃","1998/04/17","Y"
"4707","磐亞","化學工業","上櫃","1998/05/20","Y"
"4711","永純","化學工業","上櫃","1999/02/24","Y"
"4712","南璋","食品工業","上櫃","1999/04/03","Y"
"4714","永捷","化學工業","上櫃","2000/03/27","Y"
"4716","大立","化學工業","上櫃","2000/03/27","Y"
"4721","美琪瑪","化學工業","上櫃","2001/03/09","Y"
"4726","永昕","生技醫療業","上櫃","2013/12/25","Y"
"4728","雙美","生技醫療業","上櫃","2012/01/10","Y"
"4729","熒茂","光電業","上櫃","2009/02/24","Y"
"4735","豪展","生技醫療業","上櫃","2011/08/16","Y"
"4736","泰博","生技醫療業","上櫃","2010/12/01","Y"
"4741","泓瀚","化學工業","上櫃","2017/09/26","Y"
"4743","合一","生技醫療業","上櫃","2011/09/23","Y"
"4744","皇將","生技醫療業","上櫃","2018/07/12","Y"
"4745","合富-KY","生技醫療業","上櫃","2013/01/30","Y"
"4747","強生","生技醫療業","上櫃","2013/12/25","Y"
"4754","國碳科","化學工業","上櫃","2016/09/28","Y"
"4760","勤凱","其他電子業","上櫃","2019/03/21","Y"
"4767","誠泰科技","化學工業","上櫃","2018/10/29","Y"
"4803","VHQ-KY","文化創意業","上櫃","2015/12/16","Y"
"4804","大略-KY","觀光事業","上櫃","2015/12/04","Y"
"4806","昇華","文化創意業","上櫃","2016/03/09","Y"
"4903","聯光通","通信網路業","上櫃","2001/05/14","Y"
"4905","台聯電","通信網路業","上櫃","2001/12/07","Y"
"4907","富宇","建材營造業","上櫃","2002/03/04","Y"
"4908","前鼎","通信網路業","上櫃","2002/02/27","Y"
"4909","新復興","通信網路業","上櫃","2002/11/28","Y"
"4911","德英","生技醫療業","上櫃","2011/03/21","Y"
"4924","欣厚-KY","電腦及週邊設備業","上櫃","2011/10/18","Y"
"4931","新盛力","電腦及週邊設備業","上櫃","2019/09/17","Y"
"4933","友輝","光電業","上櫃","2010/05/04","Y"
"4939","亞電","電子零組件業","上櫃","2011/09/19","Y"
"4944","兆遠","光電業","上櫃","2011/05/31","Y"
"4945","陞達科技","半導體業","上櫃","2020/11/20","Y"
"4946","辣椒","文化創意業","上櫃","2011/06/10","Y"
"4950","牧東","其他業","上櫃","2012/04/27","Y"
"4953","緯軟","資訊服務業","上櫃","2014/01/08","Y"
"4966","譜瑞-KY","半導體業","上櫃","2011/09/13","Y"
"4971","IET-KY","半導體業","上櫃","2013/07/24","Y"
"4972","湯石照明","光電業","上櫃","2013/06/17","Y"
"4973","廣穎","半導體業","上櫃","2012/06/19","Y"
"4974","亞泰","電子零組件業","上櫃","2011/11/29","Y"
"4979","華星光","通信網路業","上櫃","2011/12/12","Y"
"4987","科誠","電腦及週邊設備業","上櫃","2012/03/21","Y"
"4991","環宇-KY","半導體業","上櫃","2014/09/15","Y"
"4995","晶達","光電業","上櫃","2012/05/09","Y"
"5009","榮剛","鋼鐵工業","上櫃","1998/10/17","Y"
"5011","久陽","鋼鐵工業","上櫃","1999/05/06","Y"
"5013","強新","鋼鐵工業","上櫃","2000/05/08","Y"
"5014","建錩","鋼鐵工業","上櫃","2001/02/15","Y"
"5015","華祺","鋼鐵工業","上櫃","2000/12/15","Y"
"5016","松和","鋼鐵工業","上櫃","2001/03/05","Y"
"5102","富強","橡膠工業","上櫃","2000/10/27","Y"
"5201","凱衛","資訊服務業","上櫃","2000/10/12","Y"
"5202","力新","資訊服務業","上櫃","2000/10/18","Y"
"5205","中茂","其他電子業","上櫃","2001/05/14","Y"
"5206","坤悅","建材營造業","上櫃","2001/10/08","Y"
"5209","新鼎","資訊服務業","上櫃","2002/02/25","Y"
"5210","寶碩","資訊服務業","上櫃","2002/04/25","Y"
"5211","蒙恬","資訊服務業","上櫃","2002/12/23","Y"
"5212","凌網","資訊服務業","上櫃","2003/03/24","Y"
"5213","亞昕","建材營造業","上櫃","2003/04/24","Y"
"5220","萬達光電","光電業","上櫃","2018/04/26","Y"
"5223","安力-KY","電腦及週邊設備業","上櫃","2018/07/02","Y"
"5227","立凱-KY","電子零組件業","上櫃","2013/12/09","Y"
"5230","雷笛克光學","光電業","上櫃","2012/06/05","Y"
"5236","凌陽創新","半導體業","上櫃","2021/07/29","Y"
"5245","智晶","光電業","上櫃","2015/05/25","Y"
"5251","天鉞電","光電業","上櫃","2012/11/26","Y"
"5263","智崴","文化創意業","上櫃","2012/12/18","Y"
"5272","笙科","半導體業","上櫃","2013/05/30","Y"
"5274","信驊","半導體業","上櫃","2013/04/30","Y"
"5276","達輝-KY","其他業","上櫃","2014/06/12","Y"
"5278","尚凡","電子商務","上櫃","2013/06/04","Y"
"5281","大峽谷-KY","光電業","上櫃","2016/03/30","Y"
"5287","數字","電子商務","上櫃","2014/01/20","Y"
"5289","宜鼎","電腦及週邊設備業","上櫃","2013/11/27","Y"
"5291","邑昇","電子零組件業","上櫃","2014/12/23","Y"
"5299","杰力","半導體業","上櫃","2018/01/23","Y"
"5301","寶得利","觀光事業","上櫃","1990/06/25","Y"
"5302","太欣","半導體業","上櫃","1991/01/17","Y"
"5306","桂盟","其他業","上櫃","1995/12/26","Y"
"5309","系統電","電子零組件業","上櫃","1996/03/18","Y"
"5310","天剛","資訊服務業","上櫃","1996/04/09","Y"
"5312","寶島科","生技醫療業","上櫃","1996/05/25","Y"
"5314","世紀","半導體業","上櫃","1996/09/16","Y"
"5315","光聯","光電業","上櫃","1996/11/02","Y"
"5321","美而快","電子零組件業","上櫃","1996/12/30","Y"
"5324","士開","建材營造業","上櫃","1997/01/30","Y"
"5328","華容","電子零組件業","上櫃","1997/08/28","Y"
"5340","建榮","電子零組件業","上櫃","1998/01/20","Y"
"5344","立衛","半導體業","上櫃","1998/03/23","Y"
"5345","天揚","其他業","上櫃","1998/03/23","Y"
"5347","世界","半導體業","上櫃","1998/03/25","Y"
"5348","系通","通信網路業","上櫃","1998/04/29","Y"
"5351","鈺創","半導體業","上櫃","1998/05/15","Y"
"5353","台林","通信網路業","上櫃","1998/05/18","Y"
"5355","佳總","電子零組件業","上櫃","1998/06/23","Y"
"5356","協益","電腦及週邊設備業","上櫃","1998/07/20","Y"
"5364","力麗店","觀光事業","上櫃","2013/08/26","Y"
"5371","中光電","光電業","上櫃","1999/01/20","Y"
"5381","合正","電子零組件業","上櫃","1999/03/19","Y"
"5383","金利","其他電子業","上櫃","1999/04/14","Y"
"5386","青雲","電腦及週邊設備業","上櫃","1999/05/13","Y"
"5392","能率","光電業","上櫃","1999/06/14","Y"
"5398","慕康生醫","其他業","上櫃","1999/10/11","Y"
"5403","中菲","資訊服務業","上櫃","1999/10/15","Y"
"5410","國眾","資訊服務業","上櫃","1999/11/26","Y"
"5425","台半","半導體業","上櫃","2000/02/21","Y"
"5426","振發","電腦及週邊設備業","上櫃","2000/02/09","Y"
"5432","新門","光電業","上櫃","2000/03/21","Y"
"5438","東友","電腦及週邊設備業","上櫃","2000/06/17","Y"
"5439","高技","電子零組件業","上櫃","2000/06/26","Y"
"5443","均豪","光電業","上櫃","1998/02/09","Y"
"5450","南良","其他業","上櫃","2020/06/01","Y"
"5452","佶優","其他電子業","上櫃","2000/10/02","Y"
"5455","昇益","建材營造業","上櫃","2000/10/19","Y"
"5457","宣德","電子零組件業","上櫃","2000/09/29","Y"
"5460","同協","電子零組件業","上櫃","2000/09/28","Y"
"5464","霖宏","電子零組件業","上櫃","2000/11/08","Y"
"5465","富驊","電腦及週邊設備業","上櫃","2000/11/08","Y"
"5468","凱鈺","半導體業","上櫃","2001/01/17","Y"
"5474","聰泰","電腦及週邊設備業","上櫃","2001/03/20","Y"
"5475","德宏","電子零組件業","上櫃","2001/01/16","Y"
"5478","智冠","文化創意業","上櫃","2001/03/29","Y"
"5481","新華","其他業","上櫃","2020/06/01","Y"
"5483","中美晶","半導體業","上櫃","2001/03/02","Y"
"5487","通泰","半導體業","上櫃","2001/02/20","Y"
"5488","松普","電子零組件業","上櫃","2001/03/12","Y"
"5489","彩富","其他電子業","上櫃","2001/03/12","Y"
"5490","同亨","電腦及週邊設備業","上櫃","2001/05/14","Y"
"5493","三聯","其他電子業","上櫃","2001/05/03","Y"
"5498","凱崴","電子零組件業","上櫃","2001/03/29","Y"
"5508","永信建","建材營造業","上櫃","1998/05/13","Y"
"5511","德昌","建材營造業","上櫃","1998/12/09","Y"
"5512","力麒","建材營造業","上櫃","1998/12/04","Y"
"5514","三豐","建材營造業","上櫃","1998/12/29","Y"
"5516","雙喜","建材營造業","上櫃","1999/03/23","Y"
"5520","力泰","建材營造業","上櫃","1999/10/27","Y"
"5523","豐謙","建材營造業","上櫃","1999/12/27","Y"
"5529","鉅陞","建材營造業","上櫃","1996/01/12","Y"
"5530","龍巖","其他業","上櫃","2000/10/04","Y"
"5536","聖暉","其他電子業","上櫃","2010/11/10","Y"
"5543","桓鼎-KY","建材營造業","上櫃","2016/05/09","Y"
"5601","台聯櫃","航運業","上櫃","1994/11/24","Y"
"5603","陸海","航運業","上櫃","1997/01/25","Y"
"5604","中連","其他業","上櫃","1997/05/22","Y"
"5609","中菲行","航運業","上櫃","2001/10/15","Y"
"5701","劍湖山","觀光事業","上櫃","1998/03/12","Y"
"5703","亞都","觀光事業","上櫃","1999/06/15","Y"
"5704","老爺知","觀光事業","上櫃","1999/12/21","Y"
"5820","日盛金","金融保險業","上櫃","2002/02/05","Y"
"5864","致和證","金融保險業","上櫃","2018/04/02","Y"
"5878","台名","金融保險業","上櫃","2014/10/28","Y"
"5902","德記","貿易百貨業","上櫃","1998/02/07","Y"
"5903","全家","貿易百貨業","上櫃","2002/02/25","Y"
"5904","寶雅","貿易百貨業","上櫃","2002/09/06","Y"
"5905","南仁湖","貿易百貨業","上櫃","2003/06/17","Y"
"6015","宏遠證","金融保險業","上櫃","1996/07/25","Y"
"6016","康和證","金融保險業","上櫃","1996/12/04","Y"
"6020","大展證","金融保險業","上櫃","2003/01/23","Y"
"6021","美好證","金融保險業","上櫃","2003/04/21","Y"
"6023","元大期","金融保險業","上櫃","2007/11/28","Y"
"6026","福邦證","金融保險業","上櫃","2016/01/27","Y"
"6101","寬魚國際","文化創意業","上櫃","2001/03/29","Y"
"6103","合邦","半導體業","上櫃","2001/05/07","Y"
"6104","創惟","半導體業","上櫃","2001/05/22","Y"
"6109","亞元","通信網路業","上櫃","2001/07/26","Y"
"6111","大宇資","文化創意業","上櫃","2001/08/08","Y"
"6113","亞矽","電子通路業","上櫃","2001/08/10","Y"
"6114","久威","電子零組件業","上櫃","2001/09/27","Y"
"6118","建達","電子通路業","上櫃","2001/10/25","Y"
"6121","新普","電腦及週邊設備業","上櫃","2001/11/27","Y"
"6122","擎邦","電機機械","上櫃","2000/07/14","Y"
"6123","上奇","電腦及週邊設備業","上櫃","2002/01/23","Y"
"6124","業強","電子零組件業","上櫃","2002/03/19","Y"
"6125","廣運","光電業","上櫃","2002/01/23","Y"
"6126","信音","電子零組件業","上櫃","2002/01/18","Y"
"6127","九豪","電子零組件業","上櫃","2002/01/10","Y"
"6129","普誠","半導體業","上櫃","2001/12/25","Y"
"6130","星寶國際","生技醫療業","上櫃","2002/03/26","Y"
"6134","萬旭","電子零組件業","上櫃","2002/01/08","Y"
"6138","茂達","半導體業","上櫃","2002/01/18","Y"
"6140","訊達","資訊服務業","上櫃","2002/02/04","Y"
"6143","振曜","通信網路業","上櫃","2002/01/28","Y"
"6144","得利影","文化創意業","上櫃","2002/01/23","Y"
"6146","耕興","其他電子業","上櫃","2002/01/23","Y"
"6147","頎邦","半導體業","上櫃","2002/01/31","Y"
"6148","驊宏資","資訊服務業","上櫃","2002/02/01","Y"
"6150","撼訊","電腦及週邊設備業","上櫃","2002/03/11","Y"
"6151","晉倫","其他電子業","上櫃","2002/02/25","Y"
"6154","順發","電子通路業","上櫃","2002/02/18","Y"
"6156","松上","電子零組件業","上櫃","2002/02/19","Y"
"6158","禾昌","電子零組件業","上櫃","2002/02/19","Y"
"6160","欣技","電腦及週邊設備業","上櫃","2002/03/01","Y"
"6161","捷波","電腦及週邊設備業","上櫃","2002/03/01","Y"
"6163","華電網","通信網路業","上櫃","2002/03/19","Y"
"6167","久正","光電業","上櫃","2002/03/26","Y"
"6169","昱泉","文化創意業","上櫃","2002/03/22","Y"
"6170","統振","通信網路業","上櫃","2002/04/16","Y"
"6171","大城地產","建材營造業","上櫃","2002/04/22","Y"
"6173","信昌電","電子零組件業","上櫃","2002/04/19","Y"
"6174","安碁","電子零組件業","上櫃","2002/05/02","Y"
"6175","立敦","電子零組件業","上櫃","2002/06/10","Y"
"6179","亞通","其他業","上櫃","2002/05/17","Y"
"6180","橘子","文化創意業","上櫃","2002/05/21","Y"
"6182","合晶","半導體業","上櫃","2002/05/16","Y"
"6185","幃翔","電子零組件業","上櫃","2002/08/09","Y"
"6186","新潤","建材營造業","上櫃","2002/08/02","Y"
"6187","萬潤","其他電子業","上櫃","2002/09/27","Y"
"6188","廣明","電腦及週邊設備業","上櫃","2002/08/27","Y"
"6190","萬泰科","通信網路業","上櫃","1998/02/04","Y"
"6194","育富","電子零組件業","上櫃","2002/12/05","Y"
"6195","詩肯","貿易百貨業","上櫃","2002/10/21","Y"
"6198","凌泰","半導體業","上櫃","2002/12/26","Y"
"6199","天品","其他業","上櫃","2016/10/07","Y"
"6203","海韻電","電子零組件業","上櫃","2002/12/26","Y"
"6204","艾華","電子零組件業","上櫃","2002/11/13","Y"
"6207","雷科","電子零組件業","上櫃","2002/12/23","Y"
"6208","日揚","電子零組件業","上櫃","2002/12/23","Y"
"6210","慶生","電子零組件業","上櫃","2003/02/14","Y"
"6212","理銘","建材營造業","上櫃","2002/12/26","Y"
"6217","中探針","電子零組件業","上櫃","2003/01/09","Y"
"6218","豪勉","通信網路業","上櫃","2003/01/14","Y"
"6219","富旺","建材營造業","上櫃","2003/02/26","Y"
"6220","岳豐","電子零組件業","上櫃","2003/01/09","Y"
"6221","晉泰","資訊服務業","上櫃","2003/01/06","Y"
"6222","上揚","光電業","上櫃","2003/01/09","Y"
"6223","旺矽","半導體業","上櫃","2003/01/06","Y"
"6227","茂綸","電子通路業","上櫃","2003/01/14","Y"
"6228","全譜","電腦及週邊設備業","上櫃","2003/01/21","Y"
"6229","研通","半導體業","上櫃","2003/01/14","Y"
"6231","系微","資訊服務業","上櫃","2003/01/23","Y"
"6233","旺玖","半導體業","上櫃","2003/02/20","Y"
"6234","高僑","光電業","上櫃","2003/03/12","Y"
"6236","康呈","其他業","上櫃","2003/03/31","Y"
"6237","驊訊","半導體業","上櫃","2003/04/21","Y"
"6240","松崗","其他業","上櫃","2003/05/30","Y"
"6241","易通展","通信網路業","上櫃","2003/04/08","Y"
"6242","立康","生技醫療業","上櫃","2003/04/23","Y"
"6244","茂迪","光電業","上櫃","2003/05/15","Y"
"6245","立端","通信網路業","上櫃","2003/05/19","Y"
"6246","臺龍","光電業","上櫃","2003/06/18","Y"
"6247","淇譽電","其他電子業","上櫃","2003/07/04","Y"
"6248","沛波","鋼鐵工業","上櫃","2003/09/03","Y"
"6259","百徽","電子零組件業","上櫃","2003/09/17","Y"
"6261","久元","半導體業","上櫃","2004/03/29","Y"
"6263","普萊德","通信網路業","上櫃","2003/09/17","Y"
"6264","富裔","建材營造業","上櫃","2004/02/24","Y"
"6265","方土昶","電子通路業","上櫃","2003/10/24","Y"
"6266","泰詠","電子零組件業","上櫃","2004/04/29","Y"
"6270","倍微","電子通路業","上櫃","2003/09/17","Y"
"6274","台燿","電子零組件業","上櫃","2003/12/18","Y"
"6275","元山","電子零組件業","上櫃","2004/12/23","Y"
"6276","安鈦克","電腦及週邊設備業","上櫃","2003/10/30","Y"
"6279","胡連","電子零組件業","上櫃","2003/11/26","Y"
"6284","佳邦","電子零組件業","上櫃","2004/06/29","Y"
"6287","元隆","半導體業","上櫃","2003/10/02","Y"
"6290","良維","電子零組件業","上櫃","2005/06/03","Y"
"6291","沛亨","半導體業","上櫃","2004/01/28","Y"
"6292","迅德","電子零組件業","上櫃","2003/11/26","Y"
"6294","智基","文化創意業","上櫃","2004/01/13","Y"
"6404","通訊-KY","資訊服務業","上櫃","2014/07/23","Y"
"6411","晶焱","半導體業","上櫃","2014/03/11","Y"
"6417","韋僑","通信網路業","上櫃","2015/10/08","Y"
"6418","詠昇","電子零組件業","上櫃","2019/02/18","Y"
"6419","京晨科","光電業","上櫃","2014/12/29","Y"
"6425","易發","電機機械","上櫃","2019/01/18","Y"
"6432","今展科","電子零組件業","上櫃","2015/05/20","Y"
"6435","大中","半導體業","上櫃","2016/01/07","Y"
"6441","廣錠","電腦及週邊設備業","上櫃","2017/09/27","Y"
"6446","藥華藥","生技醫療業","上櫃","2016/07/19","Y"
"6457","紘康","半導體業","上櫃","2015/06/12","Y"
"6461","益得","生技醫療業","上櫃","2018/03/28","Y"
"6462","神盾","半導體業","上櫃","2015/12/23","Y"
"6465","威潤","通信網路業","上櫃","2015/11/20","Y"
"6469","大樹","生技醫療業","上櫃","2016/03/30","Y"
"6470","宇智","通信網路業","上櫃","2015/11/03","Y"
"6472","保瑞","生技醫療業","上櫃","2017/04/19","Y"
"6482","弘煜科","文化創意業","上櫃","2016/06/13","Y"
"6485","點序","半導體業","上櫃","2015/11/17","Y"
"6486","互動","通信網路業","上櫃","2016/09/13","Y"
"6488","環球晶","半導體業","上櫃","2015/09/25","Y"
"6492","生華科","生技醫療業","上櫃","2017/04/24","Y"
"6494","九齊","半導體業","上櫃","2016/05/09","Y"
"6496","科懋","生技醫療業","上櫃","2016/01/07","Y"
"6499","益安","生技醫療業","上櫃","2016/07/27","Y"
"6506","雙邦","紡織纖維","上櫃","2011/05/03","Y"
"6508","惠光","農業科技業","上櫃","2004/03/22","Y"
"6509","聚和","化學工業","上櫃","2004/04/12","Y"
"6510","精測","半導體業","上櫃","2016/03/24","Y"
"6512","啟發電","其他電子業","上櫃","2016/03/25","Y"
"6514","芮特-KY","通信網路業","上櫃","2015/12/02","Y"
"6516","勤崴國際","資訊服務業","上櫃","2019/05/06","Y"
"6523","達爾膚","生技醫療業","上櫃","2016/06/16","Y"
"6527","明達醫","生技醫療業","上櫃","2019/12/25","Y"
"6530","創威","通信網路業","上櫃","2018/01/23","Y"
"6532","瑞耘","半導體業","上櫃","2016/09/26","Y"
"6535","順藥","生技醫療業","上櫃","2016/09/26","Y"
"6538","倉和","電子零組件業","上櫃","2016/10/21","Y"
"6542","隆中","文化創意業","上櫃","2016/09/08","Y"
"6547","高端疫苗","生技醫療業","上櫃","2018/04/17","Y"
"6548","長科*","半導體業","上櫃","2016/09/13","Y"
"6556","勝品","光電業","上櫃","2017/10/31","Y"
"6560","欣普羅","光電業","上櫃","2017/01/24","Y"
"6561","是方","通信網路業","上櫃","2018/06/05","Y"
"6568","宏觀","半導體業","上櫃","2016/12/28","Y"
"6569","醫揚","生技醫療業","上櫃","2016/12/21","Y"
"6570","維田","電腦及週邊設備業","上櫃","2017/12/11","Y"
"6574","霈方","生技醫療業","上櫃","2017/09/04","Y"
"6576","逸達","生技醫療業","上櫃","2018/06/29","Y"
"6577","勁豐","電腦及週邊設備業","上櫃","2017/03/21","Y"
"6578","達邦蛋白","農業科技業","上櫃","2018/09/18","Y"
"6588","東典光電","通信網路業","上櫃","2020/07/01","Y"
"6589","台康生技","生技醫療業","上櫃","2019/06/28","Y"
"6590","普鴻","資訊服務業","上櫃","2018/12/24","Y"
"6593","台灣銘板","資訊服務業","上櫃","2017/11/03","Y"
"6594","展匯科","半導體業","上櫃","2017/04/28","Y"
"6596","寬宏藝術","文化創意業","上櫃","2018/01/04","Y"
"6603","富強鑫","電機機械","上櫃","2004/04/05","Y"
"6609","瀧澤科","電機機械","上櫃","2003/09/23","Y"
"6612","奈米醫材","生技醫療業","上櫃","2018/07/18","Y"
"6613","朋億","其他電子業","上櫃","2017/12/28","Y"
"6615","慧智","生技醫療業","上櫃","2018/01/22","Y"
"6616","特昇-KY","其他業","上櫃","2018/01/10","Y"
"6624","萬年清","其他業","上櫃","2019/05/28","Y"
"6629","泰金-KY","其他業","上櫃","2019/06/06","Y"
"6640","均華","半導體業","上櫃","2018/10/23","Y"
"6642","富致","電子零組件業","上櫃","2019/09/23","Y"
"6643","M31","半導體業","上櫃","2019/01/23","Y"
"6649","台生材","生技醫療業","上櫃","2019/06/05","Y"
"6651","全宇昕","半導體業","上櫃","2021/02/01","Y"
"6654","天正國際","其他電子業","上櫃","2018/10/23","Y"
"6661","威健生技","生技醫療業","上櫃","2021/01/27","Y"
"6662","樂斯科","生技醫療業","上櫃","2019/03/26","Y"
"6664","群翊","電子零組件業","上櫃","2018/09/12","Y"
"6667","信紘科","其他電子業","上櫃","2018/11/13","Y"
"6679","鈺太","半導體業","上櫃","2019/05/09","Y"
"6680","鑫創電子","電腦及週邊設備業","上櫃","2019/09/16","Y"
"6683","雍智科技","半導體業","上櫃","2019/04/23","Y"
"6684","安格","半導體業","上櫃","2021/08/11","Y"
"6690","安碁資訊","資訊服務業","上櫃","2019/10/30","Y"
"6697","東捷資訊","資訊服務業","上櫃","2019/12/26","Y"
"6703","軒郁","生技醫療業","上櫃","2020/10/20","Y"
"6712","長聖","生技醫療業","上櫃","2021/01/08","Y"
"6716","應廣","半導體業","上櫃","2020/03/27","Y"
"6727","亞泰金屬","電子零組件業","上櫃","2020/12/01","Y"
"6728","上洋","貿易百貨業","上櫃","2020/12/25","Y"
"6732","昇佳電子","半導體業","上櫃","2020/06/08","Y"
"6733","博晟生醫","生技醫療業","上櫃","2021/01/28","Y"
"6741","91APP*-KY","電子商務","上櫃","2021/05/25","Y"
"6747","亨泰光","生技醫療業","上櫃","2021/01/19","Y"
"6751","智聯服務","資訊服務業","上櫃","2020/12/25","Y"
"6752","叡揚","資訊服務業","上櫃","2020/12/10","Y"
"6761","穩得","電子零組件業","上櫃","2021/11/08","Y"
"6762","達亞","生技醫療業","上櫃","2020/12/18","Y"
"6767","台微醫","生技醫療業","上櫃","2021/01/25","Y"
"6788","華景電","半導體業","上櫃","2021/09/29","Y"
"6803","崑鼎","其他業","上櫃","2010/05/27","Y"
"7402","邑錡","光電業","上櫃","2015/12/29","Y"
"7556","意德士","半導體業","上櫃","2020/10/30","Y"
"8024","佑華","半導體業","上櫃","2006/09/25","Y"
"8027","鈦昇","電機機械","上櫃","2015/06/09","Y"
"8032","光菱","電子通路業","上櫃","2003/10/02","Y"
"8034","榮群","通信網路業","上櫃","2004/05/06","Y"
"8038","長園科","電子零組件業","上櫃","2013/11/21","Y"
"8040","九暘","半導體業","上櫃","2007/04/30","Y"
"8042","金山電","電子零組件業","上櫃","2004/03/22","Y"
"8043","蜜望實","電子零組件業","上櫃","2003/10/24","Y"
"8044","網家","電子商務","上櫃","2005/01/24","Y"
"8047","星雲","其他電子業","上櫃","2004/02/09","Y"
"8048","德勝","通信網路業","上櫃","2009/09/08","Y"
"8049","晶采","光電業","上櫃","2004/02/02","Y"
"8050","廣積","電腦及週邊設備業","上櫃","2003/10/24","Y"
"8054","安國","半導體業","上櫃","2004/11/08","Y"
"8059","凱碩","通信網路業","上櫃","2010/03/16","Y"
"8064","東捷","光電業","上櫃","2006/09/25","Y"
"8066","來思達","貿易百貨業","上櫃","2004/12/24","Y"
"8067","志旭","電子通路業","上櫃","2004/04/23","Y"
"8068","全達","電子通路業","上櫃","2004/03/25","Y"
"8069","元太","光電業","上櫃","2004/03/30","Y"
"8071","能率網通","電子零組件業","上櫃","2003/12/29","Y"
"8074","鉅橡","電子零組件業","上櫃","2004/01/27","Y"
"8076","伍豐","電腦及週邊設備業","上櫃","2003/12/15","Y"
"8077","洛碁","觀光事業","上櫃","2004/12/06","Y"
"8080","永利聯合","電子零組件業","上櫃","2021/04/07","Y"
"8083","瑞穎","電機機械","上櫃","2004/09/23","Y"
"8084","巨虹","電子通路業","上櫃","2004/03/08","Y"
"8085","福華","其他電子業","上櫃","2004/03/01","Y"
"8086","宏捷科","半導體業","上櫃","2009/06/01","Y"
"8087","華鎂鑫","光電業","上櫃","2004/02/25","Y"
"8088","品安","半導體業","上櫃","2004/02/27","Y"
"8089","康全電訊","通信網路業","上櫃","2020/09/23","Y"
"8091","翔名","電子零組件業","上櫃","2004/06/24","Y"
"8092","建暐","其他電子業","上櫃","2004/02/02","Y"
"8093","保銳","電子零組件業","上櫃","2004/12/31","Y"
"8096","擎亞","電子通路業","上櫃","2004/07/15","Y"
"8097","常珵","通信網路業","上櫃","2004/03/01","Y"
"8099","大世科","資訊服務業","上櫃","2004/03/29","Y"
"8107","大億金茂","電機機械","上櫃","2005/11/15","Y"
"8109","博大","電子零組件業","上櫃","2005/03/22","Y"
"8111","立碁","光電業","上櫃","2004/02/09","Y"
"8121","越峰","電子零組件業","上櫃","2005/02/17","Y"
"8147","正淩","電子零組件業","上櫃","2013/04/30","Y"
"8155","博智","電子零組件業","上櫃","2012/12/18","Y"
"8171","天宇","通信網路業","上櫃","2011/12/19","Y"
"8176","智捷","通信網路業","上櫃","2013/06/25","Y"
"8182","加高","電子零組件業","上櫃","2006/05/25","Y"
"8183","精星","其他電子業","上櫃","2005/03/30","Y"
"8234","新漢","電腦及週邊設備業","上櫃","2007/06/07","Y"
"8240","華宏","光電業","上櫃","2005/06/23","Y"
"8255","朋程","電機機械","上櫃","2006/04/25","Y"
"8277","商丞","半導體業","上櫃","2004/12/27","Y"
"8279","生展","生技醫療業","上櫃","2016/09/26","Y"
"8284","三竹","資訊服務業","上櫃","2020/05/18","Y"
"8289","泰藝","電子零組件業","上櫃","2008/04/24","Y"
"8291","尚茂","電子零組件業","上櫃","2011/11/29","Y"
"8299","群聯","半導體業","上櫃","2004/12/06","Y"
"8342","益張","其他業","上櫃","2017/11/23","Y"
"8349","恒耀","鋼鐵工業","上櫃","2006/03/10","Y"
"8354","冠好","其他業","上櫃","2004/04/15","Y"
"8358","金居","電子零組件業","上櫃","2010/09/27","Y"
"8383","千附","其他電子業","上櫃","2004/09/10","Y"
"8390","金益鼎","其他業","上櫃","2008/05/21","Y"
"8401","白紗科","其他業","上櫃","2010/03/29","Y"
"8403","盛弘","生技醫療業","上櫃","2011/03/01","Y"
"8406","金可-KY","生技醫療業","上櫃","2012/04/27","Y"
"8409","商之器","生技醫療業","上櫃","2013/11/25","Y"
"8410","森田","電腦及週邊設備業","上櫃","2011/02/23","Y"
"8415","大國鋼","鋼鐵工業","上櫃","2016/09/07","Y"
"8416","實威","資訊服務業","上櫃","2012/09/19","Y"
"8418","捷必勝-KY","其他業","上櫃","2011/12/06","Y"
"8420","明揚","其他業","上櫃","2014/11/10","Y"
"8421","旭源","其他業","上櫃","2012/11/23","Y"
"8423","保綠-KY","其他業","上櫃","2012/03/14","Y"
"8424","惠普","建材營造業","上櫃","2012/12/18","Y"
"8426","紅木-KY","其他業","上櫃","2011/12/13","Y"
"8431","匯鑽科","其他電子業","上櫃","2015/03/30","Y"
"8432","東生華","生技醫療業","上櫃","2012/04/30","Y"
"8433","弘帆","貿易百貨業","上櫃","2012/12/19","Y"
"8435","鉅邁","其他業","上櫃","2012/12/28","Y"
"8436","大江","生技醫療業","上櫃","2013/09/12","Y"
"8437","大地-KY","其他業","上櫃","2015/05/06","Y"
"8440","綠電","其他業","上櫃","2018/03/28","Y"
"8444","綠河-KY","其他業","上櫃","2015/10/27","Y"
"8446","華研","文化創意業","上櫃","2013/12/19","Y"
"8450","霹靂","文化創意業","上櫃","2014/10/07","Y"
"8455","大拓-KY","其他電子業","上櫃","2016/01/08","Y"
"8472","夠麻吉","電子商務","上櫃","2016/01/11","Y"
"8476","台境","其他業","上櫃","2017/03/28","Y"
"8477","創業家","電子商務","上櫃","2016/10/31","Y"
"8489","三貝德","其他業","上櫃","2017/04/27","Y"
"8905","裕國","其他業","上櫃","1996/01/31","Y"
"8906","花王","其他業","上櫃","1996/04/23","Y"
"8908","欣雄","油電燃氣業","上櫃","1997/02/14","Y"
"8916","光隆","其他業","上櫃","1999/04/20","Y"
"8917","欣泰","油電燃氣業","上櫃","1999/05/06","Y"
"8921","沈氏","其他業","上櫃","2000/03/21","Y"
"8923","時報","文化創意業","上櫃","1999/12/27","Y"
"8924","大田","其他業","上櫃","2000/02/09","Y"
"8927","北基","油電燃氣業","上櫃","2000/11/02","Y"
"8928","鉅明","其他業","上櫃","2001/02/02","Y"
"8929","富堡","其他業","上櫃","2000/11/30","Y"
"8930","青鋼","鋼鐵工業","上櫃","2000/12/06","Y"
"8931","大汽電","油電燃氣業","上櫃","2001/05/10","Y"
"8932","宏大","其他業","上櫃","2001/03/29","Y"
"8933","愛地雅","其他業","上櫃","2001/03/28","Y"
"8935","邦泰","其他業","上櫃","2002/03/26","Y"
"8936","國統","其他業","上櫃","2002/09/09","Y"
"8937","合騏","其他業","上櫃","2002/10/29","Y"
"8938","明安","其他業","上櫃","2002/12/02","Y"
"8941","關中","貿易百貨業","上櫃","2003/01/20","Y"
"8942","森鉅","其他業","上櫃","2003/05/16","Y"
"9949","琉園","文化創意業","上櫃","2003/11/21","Y"
"9950","萬國通","塑膠工業","上櫃","2004/02/17","Y"
"9951","皇田","電機機械","上櫃","2003/12/18","Y"
"9960","邁達康","貿易百貨業","上櫃","2004/12/06","Y"
"9962","有益","鋼鐵工業","上櫃","2006/07/10","Y"
